AIRLINE,MONTH,DAY_OF_WEEK,TAXI_OUT,DEPARTURE_DELAY,DISTANCE,ARRIVAL_DELAY
"American Airlines Inc.",4,3,21,-2,2342,-14
"United Air Lines Inc.",9,5,27,138,867,167
"Southwest Airlines Co.",4,7,8,52,704,47
"Southwest Airlines Co.",5,3,7,68,325,93
"Southwest Airlines Co.",6,2,12,-4,391,-16
"Atlantic Southeast Airlines",9,1,18,-2,429,4
"American Eagle Airlines Inc.",3,1,9,27,273,14
"United Air Lines Inc.",10,5,15,-5,1723,-18
"Skywest Airlines Inc.",10,6,36,3,536,22
"Hawaiian Airlines Inc.",1,7,17,12,2762,5
"Southwest Airlines Co.",5,5,13,-2,1407,-13
"American Airlines Inc.",10,1,15,-3,529,-9
"JetBlue Airways",8,7,20,44,231,47
"American Eagle Airlines Inc.",10,5,15,0,280,-4
"United Air Lines Inc.",10,5,15,5,2565,-25
"American Airlines Inc.",10,7,13,-8,1389,-10
"United Air Lines Inc.",5,5,20,-1,2586,-5
"Delta Air Lines Inc.",6,4,22,-3,393,-2
"Virgin America",7,3,7,-5,447,-5
"Delta Air Lines Inc.",5,1,13,-3,581,-13
"Skywest Airlines Inc.",5,1,22,72,977,67
"Atlantic Southeast Airlines",7,5,25,24,306,39
"Southwest Airlines Co.",5,6,8,-2,672,-15
"American Airlines Inc.",10,4,22,9,930,7
"American Airlines Inc.",6,4,12,137,2586,112
"American Eagle Airlines Inc.",10,5,17,-3,773,-18
"Southwest Airlines Co.",7,6,9,35,1242,54
"Delta Air Lines Inc.",7,3,22,10,666,5
"Skywest Airlines Inc.",8,5,20,8,298,2
"United Air Lines Inc.",5,1,12,-4,2434,-22
"American Airlines Inc.",7,2,11,-5,1773,11
"American Airlines Inc.",12,6,17,-3,338,-4
"JetBlue Airways",9,2,15,0,2611,-9
"American Airlines Inc.",11,4,24,3,930,10
"Delta Air Lines Inc.",6,4,15,-1,748,-2
"Delta Air Lines Inc.",9,2,19,-2,341,-14
"Southwest Airlines Co.",4,7,9,-4,843,-12
"Skywest Airlines Inc.",2,1,12,-4,74,-10
"Southwest Airlines Co.",8,7,26,5,919,2
"Southwest Airlines Co.",7,1,6,44,551,27
"Delta Air Lines Inc.",2,5,37,1,526,0
"Southwest Airlines Co.",8,4,10,44,523,35
"Virgin America",2,1,13,-1,414,1
"Southwest Airlines Co.",8,4,8,9,371,8
"American Eagle Airlines Inc.",5,7,5,3,630,-3
"Southwest Airlines Co.",7,2,7,2,786,-2
"American Airlines Inc.",11,4,14,-6,255,-11
"Skywest Airlines Inc.",10,4,17,-5,316,-11
"Skywest Airlines Inc.",3,1,11,5,308,14
"Atlantic Southeast Airlines",6,6,13,20,438,25
"American Airlines Inc.",2,7,25,23,802,34
"Southwest Airlines Co.",9,1,7,-5,991,-9
"American Eagle Airlines Inc.",12,3,11,20,175,7
"Southwest Airlines Co.",12,6,8,-1,793,5
"Delta Air Lines Inc.",5,3,56,8,714,35
"Delta Air Lines Inc.",6,6,15,7,250,-1
"Spirit Air Lines",4,6,11,65,689,55
"Southwest Airlines Co.",8,6,6,-6,255,-11
"American Airlines Inc.",6,7,14,39,1121,36
"Delta Air Lines Inc.",1,4,20,1,2248,-54
"Delta Air Lines Inc.",1,5,12,2,226,2
"United Air Lines Inc.",11,7,13,-7,612,-29
"American Eagle Airlines Inc.",2,3,19,-5,489,-12
"Virgin America",6,2,10,-9,189,2
"Spirit Air Lines",7,7,13,-6,1119,-7
"Skywest Airlines Inc.",7,3,16,-4,911,-25
"American Airlines Inc.",11,4,14,-4,2125,-10
"United Air Lines Inc.",10,5,11,-7,888,-17
"Southwest Airlines Co.",11,3,8,97,417,93
"Atlantic Southeast Airlines",7,2,10,-5,89,-19
"Delta Air Lines Inc.",5,4,24,-7,731,-11
"Atlantic Southeast Airlines",12,4,9,-18,201,-23
"Atlantic Southeast Airlines",10,4,6,-14,253,-26
"Delta Air Lines Inc.",7,7,13,14,594,-1
"Delta Air Lines Inc.",7,4,13,3,946,-18
"Delta Air Lines Inc.",8,3,10,-4,549,-1
"American Airlines Inc.",7,2,20,207,986,194
"American Eagle Airlines Inc.",3,5,27,-3,102,16
"American Eagle Airlines Inc.",11,7,25,0,177,-10
"United Air Lines Inc.",10,6,18,-10,2402,-39
"Delta Air Lines Inc.",7,4,15,-3,1481,-15
"Delta Air Lines Inc.",8,6,15,0,2218,-3
"Delta Air Lines Inc.",10,4,11,1,235,-4
"Skywest Airlines Inc.",12,7,18,40,156,36
"Skywest Airlines Inc.",4,7,18,-13,403,-18
"Alaska Airlines Inc.",4,6,15,-11,978,-29
"JetBlue Airways",12,1,13,-1,2173,-29
"JetBlue Airways",8,1,20,2,187,-3
"Atlantic Southeast Airlines",8,7,11,-9,241,1
"JetBlue Airways",7,2,11,87,474,70
"American Eagle Airlines Inc.",6,7,16,-8,135,-19
"Atlantic Southeast Airlines",10,5,17,-7,304,0
"Spirit Air Lines",3,2,9,-2,466,-6
"Southwest Airlines Co.",11,5,9,2,711,-11
"Southwest Airlines Co.",1,1,10,0,148,-5
"American Airlines Inc.",11,1,51,0,1145,26
"Skywest Airlines Inc.",4,3,12,-2,373,2
"Southwest Airlines Co.",4,2,14,-4,488,-6
"American Airlines Inc.",9,2,14,-7,631,-6
"Skywest Airlines Inc.",10,1,22,-3,220,7
"Hawaiian Airlines Inc.",9,6,13,14,102,15
"Delta Air Lines Inc.",4,2,17,-5,606,-9
"Delta Air Lines Inc.",8,3,15,-4,366,-8
"Delta Air Lines Inc.",1,5,18,202,1121,216
"JetBlue Airways",1,6,13,9,369,43
"Southwest Airlines Co.",9,7,8,-4,409,-14
"United Air Lines Inc.",5,5,23,-5,200,-13
"American Airlines Inc.",11,3,21,-8,214,-3
"Skywest Airlines Inc.",12,6,34,-9,996,12
"Atlantic Southeast Airlines",6,2,11,6,152,-15
"American Eagle Airlines Inc.",7,3,5,0,296,-28
"Southwest Airlines Co.",9,2,13,0,1107,-8
"American Airlines Inc.",5,5,20,17,2088,10
"Skywest Airlines Inc.",6,1,21,-7,651,-8
"Spirit Air Lines",3,5,11,-9,1824,-10
"Atlantic Southeast Airlines",6,2,13,161,354,148
"Delta Air Lines Inc.",6,5,12,56,981,50
"Southwest Airlines Co.",6,4,14,4,1092,-4
"American Eagle Airlines Inc.",7,4,12,-6,642,-33
"JetBlue Airways",3,4,21,25,1598,0
"Delta Air Lines Inc.",7,5,15,-4,528,-5
"Atlantic Southeast Airlines",4,1,14,0,208,0
"Delta Air Lines Inc.",11,1,19,3,404,2
"Skywest Airlines Inc.",5,3,44,15,451,39
"Southwest Airlines Co.",10,4,9,-4,569,1
"United Air Lines Inc.",5,4,13,5,413,-14
"American Airlines Inc.",2,1,23,-6,740,49
"Southwest Airlines Co.",9,5,8,2,159,-2
"Southwest Airlines Co.",12,7,14,1,484,1
"American Airlines Inc.",12,5,22,3,337,-2
"Alaska Airlines Inc.",10,2,15,-1,1542,-12
"Southwest Airlines Co.",10,1,9,17,228,3
"Alaska Airlines Inc.",1,6,10,-22,680,-18
"Atlantic Southeast Airlines",12,5,21,-3,448,5
"Delta Air Lines Inc.",2,3,16,-2,481,-10
"Skywest Airlines Inc.",2,6,15,-6,370,-13
"Southwest Airlines Co.",6,2,10,131,404,120
"American Airlines Inc.",1,7,11,-3,624,4
"Skywest Airlines Inc.",2,3,39,-2,507,16
"Skywest Airlines Inc.",8,4,24,22,411,26
"JetBlue Airways",2,3,18,-3,1011,1
"Delta Air Lines Inc.",10,2,23,-10,746,-37
"Delta Air Lines Inc.",10,6,15,2,231,-2
"American Airlines Inc.",2,5,26,-3,2174,-28
"Skywest Airlines Inc.",12,2,18,-3,261,0
"JetBlue Airways",1,3,23,16,1047,17
"Skywest Airlines Inc.",6,7,15,-7,158,-22
"Southwest Airlines Co.",7,5,12,44,806,36
"Delta Air Lines Inc.",5,6,16,0,1589,-3
"Delta Air Lines Inc.",9,2,10,-6,297,-14
"American Airlines Inc.",8,6,11,30,731,10
"American Airlines Inc.",11,1,15,-3,184,-28
"American Airlines Inc.",9,2,14,-6,1276,-22
"Spirit Air Lines",11,3,14,-3,2343,2
"American Airlines Inc.",11,7,14,12,1197,-3
"Delta Air Lines Inc.",3,4,13,-3,488,-24
"American Eagle Airlines Inc.",4,3,41,-8,764,8
"Atlantic Southeast Airlines",1,2,11,20,448,14
"JetBlue Airways",5,1,8,-5,588,-17
"American Eagle Airlines Inc.",1,7,12,81,181,77
"American Airlines Inc.",12,7,18,-5,728,-8
"Southwest Airlines Co.",5,7,60,4,226,47
"Southwest Airlines Co.",10,2,9,24,842,9
"United Air Lines Inc.",8,2,19,13,967,5
"Atlantic Southeast Airlines",11,6,15,7,308,5
"United Air Lines Inc.",5,3,21,3,2402,-27
"Skywest Airlines Inc.",9,1,19,-5,451,-17
"Southwest Airlines Co.",4,2,9,-1,895,-13
"United Air Lines Inc.",12,1,19,-9,937,-18
"Southwest Airlines Co.",11,5,23,7,328,23
"Delta Air Lines Inc.",5,6,21,-2,1080,-13
"Delta Air Lines Inc.",3,4,23,-2,442,-9
"Skywest Airlines Inc.",12,5,23,12,326,8
"American Eagle Airlines Inc.",1,3,10,16,685,14
"Skywest Airlines Inc.",12,1,14,0,1708,0
"JetBlue Airways",11,7,10,56,1046,40
"Skywest Airlines Inc.",2,6,18,-2,272,0
"Delta Air Lines Inc.",10,5,21,-4,692,-13
"Atlantic Southeast Airlines",10,6,11,-6,438,-17
"American Airlines Inc.",7,1,34,12,1107,40
"Southwest Airlines Co.",7,3,12,-1,1756,2
"Southwest Airlines Co.",3,7,12,-1,1139,-4
"Southwest Airlines Co.",10,5,43,8,361,29
"Southwest Airlines Co.",9,6,18,3,806,1
"Alaska Airlines Inc.",3,6,14,-6,627,-8
"American Airlines Inc.",8,3,19,-9,592,12
"JetBlue Airways",5,1,15,-2,2611,-8
"United Air Lines Inc.",3,5,18,0,337,-9
"American Airlines Inc.",10,7,13,-5,1744,-27
"Atlantic Southeast Airlines",3,1,16,-4,317,-6
"Atlantic Southeast Airlines",8,5,12,-13,383,-2
"Southwest Airlines Co.",12,2,13,-4,447,-4
"Spirit Air Lines",4,1,13,-11,1084,-3
"Delta Air Lines Inc.",9,2,14,-14,151,-22
"Southwest Airlines Co.",1,5,10,-7,226,-15
"Delta Air Lines Inc.",11,7,14,14,577,0
"United Air Lines Inc.",11,1,12,-9,1062,-18
"Skywest Airlines Inc.",5,1,25,-11,160,-9
"Skywest Airlines Inc.",3,1,20,-4,411,-5
"Virgin America",6,4,58,55,337,93
"Delta Air Lines Inc.",7,6,18,48,1086,40
"Skywest Airlines Inc.",7,5,14,59,265,46
"Delta Air Lines Inc.",5,7,13,-9,250,-15
"American Eagle Airlines Inc.",6,5,8,42,691,30
"Skywest Airlines Inc.",9,7,12,-8,196,-20
"Delta Air Lines Inc.",3,1,11,1,1416,8
"JetBlue Airways",9,7,14,-5,1118,-4
"Atlantic Southeast Airlines",9,4,11,-10,1091,-23
"Hawaiian Airlines Inc.",4,2,6,-7,100,-3
"Atlantic Southeast Airlines",11,7,16,-3,416,-11
"Atlantic Southeast Airlines",8,2,19,24,399,36
"JetBlue Airways",5,3,33,49,541,55
"United Air Lines Inc.",4,2,13,1,200,-22
"American Airlines Inc.",6,5,17,-5,175,-6
"Atlantic Southeast Airlines",11,7,13,89,143,83
"Delta Air Lines Inc.",2,5,27,0,2504,16
"Virgin America",4,2,25,-2,447,9
"Delta Air Lines Inc.",8,7,18,0,502,-29
"United Air Lines Inc.",10,4,34,7,1744,30
"Delta Air Lines Inc.",9,1,38,-4,356,20
"JetBlue Airways",11,3,30,-4,264,3
"Atlantic Southeast Airlines",10,3,19,-6,780,-10
"Southwest Airlines Co.",5,3,16,-2,1076,-3
"United Air Lines Inc.",7,5,12,20,641,6
"American Airlines Inc.",11,5,24,-5,184,-11
"Skywest Airlines Inc.",8,1,13,-4,349,-6
"US Airways Inc.",4,5,19,-3,257,8
"American Airlines Inc.",11,7,15,-9,403,-5
"Southwest Airlines Co.",2,4,9,-8,483,-13
"Skywest Airlines Inc.",5,7,19,-4,550,-14
"Skywest Airlines Inc.",1,3,10,3,342,-17
"Delta Air Lines Inc.",4,4,14,-4,192,-28
"Delta Air Lines Inc.",1,4,20,20,501,4
"Delta Air Lines Inc.",12,3,21,-2,453,-7
"Atlantic Southeast Airlines",3,1,14,-9,277,-10
"Atlantic Southeast Airlines",2,6,14,-4,315,-14
"JetBlue Airways",7,5,9,-1,1368,-20
"US Airways Inc.",2,2,14,6,599,-5
"Virgin America",11,3,14,-1,2565,-8
"Spirit Air Lines",5,7,12,-5,1954,-15
"United Air Lines Inc.",11,6,26,37,719,27
"Alaska Airlines Inc.",2,6,16,-14,867,-7
"Southwest Airlines Co.",4,3,7,-4,296,-10
"Southwest Airlines Co.",7,4,7,18,197,7
"Delta Air Lines Inc.",3,1,27,-4,632,-7
"American Eagle Airlines Inc.",1,4,15,0,134,3
"American Airlines Inc.",12,3,14,15,599,-9
"Delta Air Lines Inc.",4,4,11,0,515,-3
"Atlantic Southeast Airlines",10,5,15,-10,708,-8
"Delta Air Lines Inc.",11,7,10,3,1306,4
"Alaska Airlines Inc.",10,2,12,-3,2562,-1
"Atlantic Southeast Airlines",9,4,15,-6,630,-6
"US Airways Inc.",4,1,31,2,280,-7
"Atlantic Southeast Airlines",11,3,13,-8,227,-13
"Skywest Airlines Inc.",3,1,24,7,411,1
"Atlantic Southeast Airlines",9,1,9,3,654,-4
"JetBlue Airways",2,2,15,5,1189,-1
"Southwest Airlines Co.",12,3,7,-3,1209,-9
"Southwest Airlines Co.",9,4,9,-4,725,-9
"American Eagle Airlines Inc.",5,7,10,6,364,-7
"Virgin America",6,7,14,120,1504,113
"JetBlue Airways",12,6,18,0,228,-13
"Alaska Airlines Inc.",8,5,19,40,987,35
"American Eagle Airlines Inc.",10,4,25,-4,122,13
"Southwest Airlines Co.",10,3,10,3,655,-7
"Alaska Airlines Inc.",12,2,28,-11,954,-6
"Atlantic Southeast Airlines",4,3,13,46,409,27
"JetBlue Airways",4,2,8,-8,387,-4
"Frontier Airlines Inc.",8,4,18,-8,1062,1
"Delta Air Lines Inc.",1,1,10,2,669,-16
"American Airlines Inc.",11,4,20,-3,187,-15
"US Airways Inc.",3,1,25,0,1671,-10
"Southwest Airlines Co.",4,3,11,-2,1155,-12
"Skywest Airlines Inc.",7,2,24,-2,347,-12
"American Airlines Inc.",7,2,15,-7,599,-29
"Southwest Airlines Co.",8,6,23,-3,647,1
"Delta Air Lines Inc.",3,4,81,11,2422,61
"Atlantic Southeast Airlines",1,5,10,-3,803,3
"Southwest Airlines Co.",8,1,25,-4,1180,-4
"Delta Air Lines Inc.",10,5,14,0,481,-8
"United Air Lines Inc.",11,4,27,-8,200,-7
"US Airways Inc.",1,3,27,1,544,11
"Atlantic Southeast Airlines",10,6,11,-3,201,3
"Delta Air Lines Inc.",10,4,19,-7,528,-3
"Skywest Airlines Inc.",6,2,32,-4,235,8
"Southwest Airlines Co.",3,1,15,-1,756,6
"Southwest Airlines Co.",12,4,24,7,495,14
"American Eagle Airlines Inc.",5,5,21,5,140,-4
"Southwest Airlines Co.",3,6,8,-5,409,-21
"Southwest Airlines Co.",1,5,12,-1,655,0
"Delta Air Lines Inc.",6,1,13,24,630,26
"Delta Air Lines Inc.",11,2,20,15,528,14
"Delta Air Lines Inc.",9,2,10,-6,674,-6
"Southwest Airlines Co.",9,4,10,-1,345,-6
"Delta Air Lines Inc.",7,3,19,23,366,15
"Southwest Airlines Co.",2,7,13,-4,192,-1
"Southwest Airlines Co.",2,4,8,15,181,11
"Atlantic Southeast Airlines",8,7,12,-6,170,-20
"JetBlue Airways",11,4,13,-4,1226,-2
"Skywest Airlines Inc.",3,5,13,-7,326,-8
"Delta Air Lines Inc.",8,2,34,9,1541,8
"Southwest Airlines Co.",10,7,31,0,480,11
"US Airways Inc.",5,7,16,-2,1107,2
"JetBlue Airways",12,4,12,-5,937,-12
"Southwest Airlines Co.",12,1,22,40,237,55
"Skywest Airlines Inc.",10,2,10,-4,677,-13
"American Airlines Inc.",7,7,10,17,978,6
"Skywest Airlines Inc.",8,3,17,-3,449,-5
"Atlantic Southeast Airlines",6,2,9,-1,300,-7
"JetBlue Airways",12,2,12,-2,759,-18
"Skywest Airlines Inc.",7,3,15,-3,749,5
"US Airways Inc.",5,1,28,139,184,134
"Southwest Airlines Co.",3,2,10,14,1728,3
"Delta Air Lines Inc.",8,6,29,-3,432,-5
"United Air Lines Inc.",7,7,10,1,1726,-20
"Delta Air Lines Inc.",7,1,12,-3,749,-20
"Hawaiian Airlines Inc.",8,2,6,28,102,27
"American Eagle Airlines Inc.",5,2,19,62,296,66
"Southwest Airlines Co.",11,3,14,24,867,14
"Delta Air Lines Inc.",2,6,12,-2,406,-7
"Delta Air Lines Inc.",12,2,18,37,954,55
"Southwest Airlines Co.",6,7,9,57,583,44
"Skywest Airlines Inc.",3,5,17,-8,320,-17
"Skywest Airlines Inc.",9,6,13,-3,73,1
"American Airlines Inc.",11,2,11,-7,430,-16
"Southwest Airlines Co.",4,4,12,66,293,66
"Atlantic Southeast Airlines",6,7,14,-4,625,-16
"United Air Lines Inc.",6,7,15,-2,2565,-17
"American Airlines Inc.",3,4,10,-11,460,-8
"United Air Lines Inc.",5,4,14,5,2419,-8
"Atlantic Southeast Airlines",11,4,12,134,500,164
"Skywest Airlines Inc.",6,7,12,-8,236,-11
"American Airlines Inc.",9,5,17,75,544,67
"Southwest Airlines Co.",11,1,7,4,308,3
"American Eagle Airlines Inc.",1,1,16,-11,135,-20
"Atlantic Southeast Airlines",6,2,13,97,771,95
"American Airlines Inc.",11,7,13,11,1464,6
"American Eagle Airlines Inc.",8,6,23,-8,113,-8
"United Air Lines Inc.",6,1,76,42,719,86
"Southwest Airlines Co.",5,3,17,0,365,4
"Southwest Airlines Co.",7,7,9,34,787,22
"US Airways Inc.",6,6,12,-5,621,-15
"American Airlines Inc.",7,7,42,-2,612,12
"United Air Lines Inc.",5,2,14,-5,2338,8
"American Airlines Inc.",11,2,16,7,919,7
"Virgin America",9,7,13,-3,447,-14
"Skywest Airlines Inc.",3,4,18,5,715,-4
"Atlantic Southeast Airlines",8,6,7,1,773,-11
"Skywest Airlines Inc.",12,7,14,3,651,11
"Southwest Airlines Co.",5,1,6,-3,966,-14
"Delta Air Lines Inc.",3,5,22,4,1127,-6
"US Airways Inc.",6,6,22,4,2402,-2
"American Airlines Inc.",7,7,12,-3,460,-5
"JetBlue Airways",6,7,17,23,2248,28
"Alaska Airlines Inc.",7,4,8,-3,978,-14
"Alaska Airlines Inc.",11,3,15,-1,867,-13
"Southwest Airlines Co.",11,1,11,48,365,40
"Atlantic Southeast Airlines",8,1,21,-8,398,0
"Southwest Airlines Co.",8,6,16,-1,1050,-23
"Southwest Airlines Co.",6,1,32,-1,570,17
"Skywest Airlines Inc.",6,5,10,-4,679,-6
"JetBlue Airways",12,7,22,55,1129,54
"Southwest Airlines Co.",7,3,7,-1,296,-6
"US Airways Inc.",1,5,12,-6,1587,-14
"Atlantic Southeast Airlines",7,7,8,-10,936,-19
"Atlantic Southeast Airlines",11,7,29,-2,238,16
"Southwest Airlines Co.",8,7,7,-1,786,-1
"American Eagle Airlines Inc.",1,3,7,39,235,17
"Southwest Airlines Co.",10,4,19,-2,819,-12
"American Airlines Inc.",10,7,22,-2,731,-13
"American Airlines Inc.",12,5,14,29,1205,17
"Delta Air Lines Inc.",5,3,16,-1,2475,-11
"Alaska Airlines Inc.",11,4,19,-3,1542,11
"United Air Lines Inc.",3,5,20,13,612,0
"Delta Air Lines Inc.",1,5,9,-3,932,-24
"Virgin America",11,7,9,-1,679,-6
"Southwest Airlines Co.",12,2,8,42,484,33
"American Airlines Inc.",8,3,16,-3,2165,-33
"Southwest Airlines Co.",12,3,25,6,588,16
"Delta Air Lines Inc.",12,6,11,-4,321,-9
"Southwest Airlines Co.",4,7,12,16,337,17
"Southwest Airlines Co.",10,4,13,-2,220,2
"Delta Air Lines Inc.",7,6,19,15,1276,19
"United Air Lines Inc.",12,5,13,19,589,6
"Delta Air Lines Inc.",5,7,25,47,666,45
"Atlantic Southeast Airlines",2,1,16,24,349,25
"Southwest Airlines Co.",9,3,10,1,1671,-31
"Delta Air Lines Inc.",11,1,10,-7,821,-19
"Southwest Airlines Co.",7,3,9,187,1057,176
"US Airways Inc.",6,4,9,-9,255,-16
"Southwest Airlines Co.",6,6,9,57,488,49
"American Airlines Inc.",7,3,12,9,1068,7
"American Airlines Inc.",12,6,12,11,2296,-5
"Skywest Airlines Inc.",3,5,15,-4,265,-10
"Southwest Airlines Co.",8,5,18,11,361,1
"Atlantic Southeast Airlines",12,4,13,-7,334,-21
"Skywest Airlines Inc.",12,4,16,28,334,16
"US Airways Inc.",4,4,10,0,575,-11
"American Airlines Inc.",7,4,10,7,1438,-4
"JetBlue Airways",9,2,22,-7,944,-7
"Skywest Airlines Inc.",7,1,16,3,563,-3
"Skywest Airlines Inc.",2,2,13,-5,86,-8
"Atlantic Southeast Airlines",6,4,29,108,408,119
"Southwest Airlines Co.",2,3,13,-11,2139,-28
"Delta Air Lines Inc.",12,4,18,-2,1399,4
"Delta Air Lines Inc.",7,2,23,-1,589,-3
"Southwest Airlines Co.",9,5,9,-3,404,-21
"Atlantic Southeast Airlines",2,6,9,-10,986,-8
"Skywest Airlines Inc.",9,2,16,-7,196,-11
"Southwest Airlines Co.",11,7,14,8,255,2
"Atlantic Southeast Airlines",9,2,21,-5,170,-8
"Delta Air Lines Inc.",12,7,13,-11,1084,-16
"Virgin America",7,1,12,72,2565,73
"Southwest Airlines Co.",7,4,10,1,248,1
"United Air Lines Inc.",7,2,12,-4,2556,-13
"Southwest Airlines Co.",4,2,6,37,325,38
"Skywest Airlines Inc.",12,5,32,2,689,3
"Delta Air Lines Inc.",9,3,32,0,2422,-25
"American Airlines Inc.",11,6,16,-8,1721,5
"Atlantic Southeast Airlines",2,4,18,6,429,10
"Southwest Airlines Co.",9,1,14,0,837,1
"Atlantic Southeast Airlines",9,4,28,-2,628,43
"Atlantic Southeast Airlines",12,7,17,7,456,2
"Delta Air Lines Inc.",1,1,17,-1,630,-6
"American Airlines Inc.",5,5,24,-1,802,-10
"Spirit Air Lines",8,5,11,0,925,-11
"Atlantic Southeast Airlines",4,3,24,-7,83,-3
"United Air Lines Inc.",2,2,14,23,622,15
"Southwest Airlines Co.",8,2,9,-3,342,-7
"Southwest Airlines Co.",12,3,7,112,496,108
"American Airlines Inc.",11,3,16,-7,214,-12
"Atlantic Southeast Airlines",11,4,26,25,238,34
"Southwest Airlines Co.",10,7,9,-2,928,-28
"Southwest Airlines Co.",12,1,9,34,587,30
"American Eagle Airlines Inc.",9,3,17,18,258,6
"Skywest Airlines Inc.",1,3,28,5,287,15
"US Airways Inc.",4,6,15,-7,759,-9
"American Eagle Airlines Inc.",11,4,41,23,292,46
"Southwest Airlines Co.",6,2,8,38,337,29
"Southwest Airlines Co.",2,5,26,41,888,21
"Southwest Airlines Co.",9,6,9,0,405,-8
"Atlantic Southeast Airlines",9,6,11,-8,462,-13
"Southwest Airlines Co.",11,1,10,2,672,-5
"Delta Air Lines Inc.",3,5,13,13,545,-2
"Southwest Airlines Co.",2,3,8,0,804,-4
"United Air Lines Inc.",9,7,18,21,4243,-10
"American Airlines Inc.",7,2,10,64,647,51
"JetBlue Airways",10,1,21,1,1065,5
"American Eagle Airlines Inc.",2,2,16,6,280,5
"Delta Air Lines Inc.",10,6,16,-4,331,-17
"Atlantic Southeast Airlines",7,4,20,-2,528,0
"Southwest Airlines Co.",12,3,11,73,386,65
"Southwest Airlines Co.",9,4,10,0,2133,-9
"Alaska Airlines Inc.",8,7,21,19,1448,7
"American Airlines Inc.",10,1,17,3,861,5
"Delta Air Lines Inc.",3,7,19,-3,606,-7
"Southwest Airlines Co.",1,3,7,-2,325,-5
"Hawaiian Airlines Inc.",4,5,10,-5,2417,8
"Southwest Airlines Co.",9,3,9,-1,356,-9
"American Eagle Airlines Inc.",12,3,13,-2,122,-17
"JetBlue Airways",2,1,13,146,634,136
"United Air Lines Inc.",3,2,13,-12,236,-17
"United Air Lines Inc.",4,4,42,24,2454,2
"United Air Lines Inc.",8,4,11,-7,937,-20
"American Eagle Airlines Inc.",7,1,8,-12,604,-20
"Atlantic Southeast Airlines",12,5,10,-3,799,-14
"American Eagle Airlines Inc.",6,6,31,-5,315,8
"American Airlines Inc.",8,6,17,84,507,90
"Skywest Airlines Inc.",7,5,12,-2,627,-6
"Atlantic Southeast Airlines",10,1,28,-5,296,4
"Atlantic Southeast Airlines",8,1,10,82,528,74
"Delta Air Lines Inc.",7,4,15,-1,2079,-9
"United Air Lines Inc.",5,6,11,-1,2052,-8
"Delta Air Lines Inc.",4,6,13,-1,404,-12
"Atlantic Southeast Airlines",9,3,16,43,529,28
"American Eagle Airlines Inc.",5,3,11,-6,139,-7
"Spirit Air Lines",11,7,14,32,1487,24
"American Eagle Airlines Inc.",5,1,18,-4,137,-11
"Skywest Airlines Inc.",9,3,22,96,1195,121
"United Air Lines Inc.",4,3,13,2,925,-22
"Southwest Airlines Co.",4,5,8,35,967,24
"Atlantic Southeast Airlines",11,1,18,-8,760,3
"United Air Lines Inc.",7,4,12,29,794,13
"Alaska Airlines Inc.",1,4,13,-5,590,-14
"American Airlines Inc.",7,2,17,-8,1464,-21
"Southwest Airlines Co.",5,1,9,-4,687,-7
"Southwest Airlines Co.",12,7,11,13,534,6
"Alaska Airlines Inc.",7,5,9,-6,1024,-11
"US Airways Inc.",4,2,12,-6,1773,-6
"American Airlines Inc.",5,2,17,4,1061,-11
"Skywest Airlines Inc.",3,4,17,-3,522,-7
"Southwest Airlines Co.",2,7,14,11,519,-6
"Delta Air Lines Inc.",5,1,41,-1,271,16
"American Airlines Inc.",1,7,35,10,1197,28
"United Air Lines Inc.",9,1,13,0,867,-24
"American Airlines Inc.",7,5,14,-9,247,-12
"American Airlines Inc.",10,2,35,-2,951,19
"United Air Lines Inc.",1,3,13,-3,1346,-20
"Delta Air Lines Inc.",9,3,15,-3,957,-20
"Atlantic Southeast Airlines",9,7,16,-2,563,2
"Delta Air Lines Inc.",2,2,17,-4,632,-16
"Delta Air Lines Inc.",11,1,9,-5,591,-14
"Delta Air Lines Inc.",3,2,12,-2,502,-16
"Southwest Airlines Co.",7,4,10,1,1242,6
"Atlantic Southeast Airlines",2,4,17,18,84,38
"Skywest Airlines Inc.",6,1,13,-11,359,-4
"Atlantic Southeast Airlines",9,2,14,-6,780,-28
"American Airlines Inc.",11,1,53,1,214,9
"Southwest Airlines Co.",10,1,26,5,251,17
"Southwest Airlines Co.",4,2,23,-2,255,-2
"JetBlue Airways",9,1,15,-8,200,-17
"Southwest Airlines Co.",1,3,7,-3,462,-21
"Southwest Airlines Co.",7,4,7,43,546,43
"Southwest Airlines Co.",12,3,17,28,1750,8
"Atlantic Southeast Airlines",11,5,16,-4,351,-14
"Southwest Airlines Co.",8,4,10,-4,895,-20
"American Airlines Inc.",11,2,30,-9,861,-20
"Spirit Air Lines",1,2,58,-2,258,41
"Southwest Airlines Co.",5,1,9,100,1733,88
"United Air Lines Inc.",2,2,10,27,200,23
"Virgin America",9,4,17,-9,447,-7
"Southwest Airlines Co.",10,5,27,8,1750,23
"American Airlines Inc.",8,1,16,6,338,11
"Atlantic Southeast Airlines",2,7,33,-5,505,-2
"Southwest Airlines Co.",6,4,15,-1,641,-10
"Skywest Airlines Inc.",4,7,7,-6,775,-18
"American Eagle Airlines Inc.",11,1,17,0,435,1
"Hawaiian Airlines Inc.",12,3,6,0,100,-1
"Southwest Airlines Co.",12,5,8,6,237,-3
"Southwest Airlines Co.",8,2,7,-6,882,-15
"Atlantic Southeast Airlines",3,2,22,-2,317,7
"Delta Air Lines Inc.",3,4,10,-3,444,-8
"Atlantic Southeast Airlines",6,7,18,-6,463,-5
"Alaska Airlines Inc.",9,7,27,-17,1927,-9
"Southwest Airlines Co.",7,1,9,-2,281,-13
"Southwest Airlines Co.",8,7,14,15,1754,22
"Atlantic Southeast Airlines",6,1,24,-3,191,0
"Delta Air Lines Inc.",6,4,16,-5,366,-1
"American Airlines Inc.",12,5,11,-7,366,-24
"US Airways Inc.",4,6,22,0,325,1
"Virgin America",10,7,15,-2,414,-9
"JetBlue Airways",8,7,14,11,541,-12
"Skywest Airlines Inc.",10,4,13,58,118,46
"Skywest Airlines Inc.",4,5,15,-7,630,-13
"Skywest Airlines Inc.",10,7,10,31,637,15
"American Airlines Inc.",9,2,18,27,1562,8
"Atlantic Southeast Airlines",8,7,12,-7,595,-2
"Delta Air Lines Inc.",9,7,28,28,1995,35
"United Air Lines Inc.",5,5,15,55,2521,33
"Delta Air Lines Inc.",8,5,17,2,1089,-17
"Frontier Airlines Inc.",8,6,7,-7,862,-26
"United Air Lines Inc.",7,7,9,-3,403,-21
"Delta Air Lines Inc.",1,5,54,-5,235,3
"Delta Air Lines Inc.",2,3,23,-5,1671,-6
"Delta Air Lines Inc.",7,3,14,-3,1276,-7
"Southwest Airlines Co.",6,5,8,14,1450,3
"American Airlines Inc.",10,7,13,4,190,0
"American Airlines Inc.",5,5,21,-3,802,-18
"American Airlines Inc.",7,2,31,1,1235,11
"United Air Lines Inc.",12,5,13,125,967,131
"Southwest Airlines Co.",3,2,7,29,604,27
"Delta Air Lines Inc.",7,4,11,3,930,-2
"American Airlines Inc.",4,5,16,-6,583,-16
"Delta Air Lines Inc.",9,5,8,1,406,-7
"Delta Air Lines Inc.",4,1,13,3,1569,-1
"Skywest Airlines Inc.",12,4,29,-3,760,1
"Delta Air Lines Inc.",1,6,16,-4,983,-28
"Skywest Airlines Inc.",10,6,16,-7,455,-20
"Southwest Airlines Co.",8,3,13,68,1092,61
"Delta Air Lines Inc.",3,2,16,5,227,-2
"Delta Air Lines Inc.",5,1,20,0,594,-11
"Southwest Airlines Co.",5,3,9,16,861,9
"American Eagle Airlines Inc.",11,7,7,-9,135,-22
"Skywest Airlines Inc.",8,5,15,82,196,71
"Southwest Airlines Co.",6,1,9,-6,1105,-17
"American Airlines Inc.",7,7,16,-5,2615,-31
"Southwest Airlines Co.",3,2,8,-5,1237,7
"Skywest Airlines Inc.",6,6,26,-3,588,5
"Hawaiian Airlines Inc.",6,2,14,-8,163,-3
"American Eagle Airlines Inc.",4,6,7,-12,557,-30
"Atlantic Southeast Airlines",6,1,10,2,305,-12
"JetBlue Airways",9,4,29,168,266,161
"Hawaiian Airlines Inc.",6,2,6,-11,216,-13
"Southwest Airlines Co.",1,4,37,4,806,23
"American Eagle Airlines Inc.",3,2,40,99,888,124
"Southwest Airlines Co.",4,6,8,0,874,-11
"Atlantic Southeast Airlines",8,4,14,-8,363,-21
"Delta Air Lines Inc.",12,1,16,16,1145,2
"Atlantic Southeast Airlines",1,7,8,-2,501,-5
"Southwest Airlines Co.",1,6,7,1,390,1
"US Airways Inc.",4,3,41,-5,370,15
"Southwest Airlines Co.",6,7,10,-4,1546,-24
"Southwest Airlines Co.",3,2,11,-2,507,-12
"American Airlines Inc.",6,1,10,-3,247,-8
"American Airlines Inc.",4,4,17,-6,731,7
"Atlantic Southeast Airlines",3,5,37,-2,692,21
"Delta Air Lines Inc.",10,3,22,6,270,-1
"Delta Air Lines Inc.",12,2,11,-3,646,-18
"JetBlue Airways",5,2,16,115,1041,110
"American Airlines Inc.",3,4,10,-9,1197,-22
"American Airlines Inc.",7,4,94,-2,2475,57
"Atlantic Southeast Airlines",8,5,10,-1,383,-14
"Southwest Airlines Co.",12,2,9,-2,239,-4
"American Airlines Inc.",4,6,15,8,1121,-18
"United Air Lines Inc.",6,4,17,15,1190,-10
"Atlantic Southeast Airlines",4,2,16,-7,925,-10
"Delta Air Lines Inc.",1,3,16,-3,1310,-4
"United Air Lines Inc.",4,3,30,-1,1416,-15
"Atlantic Southeast Airlines",5,4,36,0,632,11
"American Airlines Inc.",8,2,30,-6,759,25
"Delta Air Lines Inc.",3,5,23,50,1183,52
"Delta Air Lines Inc.",2,7,26,35,350,36
"Hawaiian Airlines Inc.",7,6,9,-3,102,-2
"Southwest Airlines Co.",3,2,14,-4,407,-1
"Delta Air Lines Inc.",3,2,10,-2,444,-12
"US Airways Inc.",3,6,12,-3,861,-19
"Atlantic Southeast Airlines",6,3,21,36,468,30
"Atlantic Southeast Airlines",11,6,8,-10,351,-15
"Southwest Airlines Co.",5,6,20,-5,674,-23
"US Airways Inc.",2,1,19,-3,361,0
"Southwest Airlines Co.",11,1,9,1,1036,-9
"American Airlines Inc.",6,7,10,39,1102,25
"United Air Lines Inc.",5,7,18,-1,1558,-7
"Skywest Airlines Inc.",7,4,17,3,602,-2
"United Air Lines Inc.",1,4,12,7,1744,-27
"American Airlines Inc.",7,2,11,4,600,-9
"Delta Air Lines Inc.",2,3,18,-1,794,-12
"Delta Air Lines Inc.",4,3,7,47,666,12
"Skywest Airlines Inc.",11,3,11,-6,188,-5
"Southwest Airlines Co.",2,3,8,7,997,-4
"American Airlines Inc.",9,2,10,-6,204,-14
"Southwest Airlines Co.",7,3,7,84,325,79
"American Airlines Inc.",8,2,27,-2,2521,-2
"US Airways Inc.",5,1,16,-7,759,-4
"United Air Lines Inc.",5,4,13,-5,413,-17
"Delta Air Lines Inc.",7,1,13,-4,1008,-9
"Skywest Airlines Inc.",6,2,19,-1,606,-14
"JetBlue Airways",8,5,13,17,1069,2
"Virgin America",4,3,14,108,2704,98
"Skywest Airlines Inc.",8,5,21,-1,606,-11
"JetBlue Airways",5,7,15,16,2300,3
"US Airways Inc.",1,1,21,-1,328,3
"Delta Air Lines Inc.",7,7,13,-6,590,-17
"Southwest Airlines Co.",1,1,17,2,651,4
"United Air Lines Inc.",10,7,29,12,1005,4
"United Air Lines Inc.",11,5,24,-2,746,-2
"Southwest Airlines Co.",12,1,17,-6,547,-5
"Southwest Airlines Co.",1,6,12,-1,447,-11
"American Airlines Inc.",7,7,10,-6,2075,-29
"Skywest Airlines Inc.",1,6,24,-19,160,-5
"JetBlue Airways",2,5,26,0,1598,23
"American Airlines Inc.",11,3,18,6,1119,-6
"American Airlines Inc.",4,4,13,-5,606,-14
"Atlantic Southeast Airlines",8,7,13,-4,637,-14
"Southwest Airlines Co.",7,4,8,-2,1105,-12
"American Airlines Inc.",7,6,25,4,1389,-3
"American Airlines Inc.",8,1,10,4,899,-12
"Atlantic Southeast Airlines",12,6,17,-9,773,-2
"Virgin America",12,7,10,22,2343,8
"Southwest Airlines Co.",2,4,11,5,992,-2
"Southwest Airlines Co.",9,7,10,-5,1524,-28
"Delta Air Lines Inc.",1,2,18,-5,1598,-22
"Atlantic Southeast Airlines",8,6,9,-6,641,-18
"Delta Air Lines Inc.",11,4,17,-1,406,-5
"Alaska Airlines Inc.",10,6,19,32,1489,48
"American Airlines Inc.",8,6,23,0,1235,-12
"American Airlines Inc.",7,4,10,-3,1616,-16
"Spirit Air Lines",2,4,9,6,602,-2
"United Air Lines Inc.",10,6,10,4,854,-17
"Southwest Airlines Co.",6,2,24,-3,417,11
"Delta Air Lines Inc.",2,4,18,6,581,4
"Southwest Airlines Co.",4,6,15,-8,549,-8
"Southwest Airlines Co.",6,7,26,0,787,2
"Southwest Airlines Co.",6,6,10,51,1460,33
"Southwest Airlines Co.",10,5,7,-5,236,-11
"Delta Air Lines Inc.",4,3,19,-3,1306,-9
"Southwest Airlines Co.",6,1,12,26,601,26
"JetBlue Airways",12,2,9,10,1076,-11
"Spirit Air Lines",3,2,14,-10,852,-14
"American Airlines Inc.",8,4,18,-5,1171,7
"United Air Lines Inc.",10,7,18,13,1605,7
"American Eagle Airlines Inc.",5,6,27,-2,135,-13
"American Airlines Inc.",5,6,11,-4,1121,-3
"United Air Lines Inc.",12,4,16,-1,1034,-13
"Atlantic Southeast Airlines",2,5,16,-1,599,-2
"Delta Air Lines Inc.",3,7,15,-1,1426,19
"Virgin America",1,3,15,13,337,6
"Delta Air Lines Inc.",1,2,13,-4,526,-14
"Delta Air Lines Inc.",9,4,14,20,1671,5
"United Air Lines Inc.",12,7,37,-5,1440,12
"Skywest Airlines Inc.",2,2,28,-10,190,6
"JetBlue Airways",10,4,19,-2,899,3
"Skywest Airlines Inc.",12,1,15,-3,867,-22
"Virgin America",1,7,23,-4,1069,-9
"Skywest Airlines Inc.",9,3,7,-18,588,-19
"Southwest Airlines Co.",1,5,6,-3,255,-11
"Southwest Airlines Co.",6,6,6,12,192,6
"Skywest Airlines Inc.",7,1,15,-8,386,-5
"Delta Air Lines Inc.",11,2,13,0,153,-13
"Skywest Airlines Inc.",12,1,11,0,119,-2
"Alaska Airlines Inc.",2,5,9,-7,859,-6
"Delta Air Lines Inc.",11,3,30,238,425,238
"Skywest Airlines Inc.",7,5,15,-8,604,-7
"Southwest Airlines Co.",4,3,46,-6,666,5
"Delta Air Lines Inc.",8,6,11,-4,1199,-22
"United Air Lines Inc.",2,7,21,21,1440,26
"Southwest Airlines Co.",4,6,26,19,1050,14
"Southwest Airlines Co.",7,3,13,120,577,93
"Delta Air Lines Inc.",4,2,18,-7,134,-17
"Atlantic Southeast Airlines",6,7,10,39,565,26
"Hawaiian Airlines Inc.",6,7,8,-9,163,-10
"Delta Air Lines Inc.",10,5,21,4,2036,4
"Hawaiian Airlines Inc.",4,6,15,-5,102,1
"Atlantic Southeast Airlines",4,5,12,-5,501,-29
"Hawaiian Airlines Inc.",6,3,7,4,100,6
"Atlantic Southeast Airlines",4,2,10,86,1134,85
"American Airlines Inc.",9,2,16,-5,600,-8
"United Air Lines Inc.",12,2,28,17,2425,27
"Delta Air Lines Inc.",8,7,12,-3,1589,-2
"Spirit Air Lines",1,3,16,23,581,18
"JetBlue Airways",12,2,18,-7,1069,-12
"Hawaiian Airlines Inc.",2,6,9,-5,100,-5
"American Airlines Inc.",7,1,18,-5,731,2
"Delta Air Lines Inc.",3,4,19,1,356,-1
"Southwest Airlines Co.",1,1,13,6,1521,-3
"Delta Air Lines Inc.",8,4,11,102,731,79
"Southwest Airlines Co.",3,1,18,-5,197,-13
"Delta Air Lines Inc.",3,3,13,-1,588,-26
"American Airlines Inc.",1,2,7,-6,190,-14
"Skywest Airlines Inc.",10,4,15,-1,489,1
"Delta Air Lines Inc.",10,3,18,-1,1990,-19
"Skywest Airlines Inc.",8,6,11,-4,313,-22
"Skywest Airlines Inc.",2,5,12,-10,575,-19
"Delta Air Lines Inc.",10,3,9,20,991,9
"Skywest Airlines Inc.",12,2,18,-10,326,-10
"Atlantic Southeast Airlines",1,6,16,2,643,24
"United Air Lines Inc.",9,3,24,27,414,23
"Southwest Airlines Co.",9,3,16,-1,370,5
"Skywest Airlines Inc.",4,5,31,127,421,138
"Atlantic Southeast Airlines",2,3,15,-5,585,-2
"Atlantic Southeast Airlines",6,7,15,151,316,153
"American Airlines Inc.",1,7,24,-1,1121,-2
"Skywest Airlines Inc.",4,3,6,-10,238,-21
"United Air Lines Inc.",6,2,37,112,1605,150
"Delta Air Lines Inc.",3,4,65,-3,581,35
"American Airlines Inc.",5,7,20,-2,2153,-12
"Delta Air Lines Inc.",11,3,9,-2,453,-7
"US Airways Inc.",3,1,12,-8,666,-7
"Southwest Airlines Co.",9,3,9,34,1436,25
"American Airlines Inc.",2,1,49,825,1217,880
"Southwest Airlines Co.",6,7,22,-5,867,-3
"Atlantic Southeast Airlines",10,1,25,0,771,4
"American Airlines Inc.",4,5,12,-6,1431,-7
"Delta Air Lines Inc.",5,6,15,1,481,-11
"Delta Air Lines Inc.",8,6,17,0,859,0
"Delta Air Lines Inc.",1,5,14,-1,484,-10
"American Airlines Inc.",12,6,18,-5,204,3
"Delta Air Lines Inc.",8,5,12,0,930,-10
"Frontier Airlines Inc.",7,6,12,-4,1476,6
"Southwest Airlines Co.",4,7,10,-2,349,-13
"Delta Air Lines Inc.",8,1,29,-4,1010,-8
"American Eagle Airlines Inc.",9,5,53,11,738,35
"Atlantic Southeast Airlines",3,4,12,49,979,36
"American Airlines Inc.",3,2,38,3,989,18
"Southwest Airlines Co.",2,6,10,3,651,-3
"Southwest Airlines Co.",5,5,13,-5,601,-11
"Delta Air Lines Inc.",1,1,50,-1,1020,3
"Southwest Airlines Co.",10,4,20,-3,577,-3
"Atlantic Southeast Airlines",2,7,12,250,229,231
"JetBlue Airways",11,2,13,191,2465,180
"United Air Lines Inc.",12,1,11,3,1012,-11
"Skywest Airlines Inc.",10,7,16,2,73,7
"Southwest Airlines Co.",1,7,9,1,601,-20
"American Airlines Inc.",12,2,13,1,666,-4
"United Air Lines Inc.",10,6,8,6,1754,-10
"American Eagle Airlines Inc.",4,6,20,-3,693,-9
"United Air Lines Inc.",3,2,11,2,854,-19
"Delta Air Lines Inc.",8,3,14,0,409,-13
"JetBlue Airways",10,4,16,-3,759,-6
"Southwest Airlines Co.",5,5,14,-4,1011,-10
"American Airlines Inc.",1,1,12,-2,1372,-5
"American Eagle Airlines Inc.",4,5,12,252,265,243
"Delta Air Lines Inc.",9,2,18,32,366,23
"Hawaiian Airlines Inc.",12,7,7,-5,201,-4
"Skywest Airlines Inc.",9,2,16,59,386,58
"Southwest Airlines Co.",3,2,11,19,197,14
"Atlantic Southeast Airlines",3,4,16,-6,505,-18
"Southwest Airlines Co.",1,5,9,15,1671,13
"Skywest Airlines Inc.",6,1,36,-11,501,5
"Delta Air Lines Inc.",4,2,16,7,1547,0
"Frontier Airlines Inc.",3,1,14,29,927,28
"United Air Lines Inc.",3,4,18,-3,1400,-16
"Southwest Airlines Co.",12,7,7,31,920,4
"Atlantic Southeast Airlines",2,7,13,35,214,35
"Southwest Airlines Co.",9,2,8,-2,663,-15
"Delta Air Lines Inc.",10,2,9,-2,731,-10
"Southwest Airlines Co.",8,7,9,15,248,5
"Delta Air Lines Inc.",4,4,16,0,1127,-9
"United Air Lines Inc.",7,4,19,7,1009,-4
"American Eagle Airlines Inc.",8,5,13,14,282,23
"Delta Air Lines Inc.",3,2,24,20,760,1
"JetBlue Airways",6,6,44,-7,405,11
"Southwest Airlines Co.",7,6,15,0,1797,-12
"Delta Air Lines Inc.",6,6,13,-2,1671,-12
"United Air Lines Inc.",1,4,22,-1,978,-16
"Skywest Airlines Inc.",8,6,13,-5,387,-10
"Atlantic Southeast Airlines",9,3,8,-8,265,-9
"American Airlines Inc.",12,2,18,-5,742,-8
"Atlantic Southeast Airlines",8,7,16,-10,310,-12
"American Airlines Inc.",7,2,47,36,899,52
"Atlantic Southeast Airlines",4,2,7,-7,667,-19
"Delta Air Lines Inc.",12,2,14,-6,936,-17
"Delta Air Lines Inc.",12,1,11,-1,794,-23
"Atlantic Southeast Airlines",5,3,25,-10,1008,-7
"Delta Air Lines Inc.",9,1,16,-2,669,-8
"United Air Lines Inc.",2,1,18,6,867,-6
"US Airways Inc.",6,7,27,36,2153,24
"United Air Lines Inc.",9,3,15,1,826,-16
"US Airways Inc.",4,3,19,-1,1773,5
"JetBlue Airways",1,6,12,21,805,10
"US Airways Inc.",1,4,19,-2,468,-4
"Skywest Airlines Inc.",8,5,35,0,438,14
"American Eagle Airlines Inc.",9,5,40,3,139,12
"United Air Lines Inc.",7,2,16,8,1379,-13
"United Air Lines Inc.",10,7,13,-4,862,-5
"US Airways Inc.",6,1,18,7,184,-13
"Skywest Airlines Inc.",7,5,14,0,67,-5
"US Airways Inc.",2,5,11,-4,507,-7
"Atlantic Southeast Airlines",5,3,9,-9,190,8
"Alaska Airlines Inc.",5,5,4,-4,183,-5
"Southwest Airlines Co.",9,6,19,-2,973,-10
"Southwest Airlines Co.",7,5,7,42,283,29
"Delta Air Lines Inc.",12,2,14,-5,347,-16
"Skywest Airlines Inc.",4,3,16,-6,626,-3
"Alaska Airlines Inc.",11,5,12,-2,763,-4
"Skywest Airlines Inc.",9,3,18,5,109,0
"Delta Air Lines Inc.",9,2,21,3,554,-10
"Southwest Airlines Co.",11,2,9,5,453,-3
"Southwest Airlines Co.",2,5,6,45,460,28
"Southwest Airlines Co.",2,3,13,-1,337,-5
"American Eagle Airlines Inc.",4,4,23,-2,685,6
"Delta Air Lines Inc.",5,4,16,-3,503,-7
"American Airlines Inc.",7,2,15,-2,338,0
"US Airways Inc.",3,5,31,-5,214,-8
"Southwest Airlines Co.",3,1,7,49,393,45
"Skywest Airlines Inc.",8,7,12,-4,748,-17
"American Eagle Airlines Inc.",5,6,8,84,551,79
"Southwest Airlines Co.",1,6,9,-4,668,-20
"Delta Air Lines Inc.",11,1,8,-1,341,-21
"US Airways Inc.",3,4,12,9,1773,-2
"Atlantic Southeast Airlines",7,1,27,-4,637,-9
"Alaska Airlines Inc.",1,2,19,-4,680,-12
"Atlantic Southeast Airlines",9,2,19,-10,403,-6
"American Airlines Inc.",8,7,11,0,802,-17
"United Air Lines Inc.",6,6,17,4,1874,-5
"American Eagle Airlines Inc.",7,3,17,-4,108,-14
"United Air Lines Inc.",8,3,15,-3,3266,-12
"Skywest Airlines Inc.",12,3,27,-4,532,-11
"Atlantic Southeast Airlines",6,1,50,44,552,62
"American Airlines Inc.",1,4,12,-5,761,-13
"Southwest Airlines Co.",7,4,9,7,647,2
"Delta Air Lines Inc.",5,7,10,-2,1851,-26
"Atlantic Southeast Airlines",3,3,18,68,528,65
"Southwest Airlines Co.",3,1,8,64,647,61
"American Airlines Inc.",11,6,14,0,936,-9
"American Airlines Inc.",8,1,13,-8,331,-14
"United Air Lines Inc.",1,2,23,-1,1222,-9
"Southwest Airlines Co.",9,5,6,-1,419,-10
"Southwest Airlines Co.",6,2,14,73,386,75
"Southwest Airlines Co.",10,3,6,-3,874,-23
"United Air Lines Inc.",1,4,15,0,733,-15
"Delta Air Lines Inc.",11,7,13,-3,332,-14
"United Air Lines Inc.",10,2,19,-2,1723,-1
"Atlantic Southeast Airlines",11,5,13,26,201,17
"United Air Lines Inc.",12,3,14,-7,948,-22
"American Airlines Inc.",7,6,33,49,1440,53
"Southwest Airlines Co.",5,7,9,-2,283,-17
"Skywest Airlines Inc.",6,1,29,40,158,39
"Southwest Airlines Co.",3,4,10,-3,1073,-16
"Southwest Airlines Co.",4,6,10,-7,990,-28
"Southwest Airlines Co.",2,3,7,-6,258,-18
"American Eagle Airlines Inc.",10,3,17,-5,134,-7
"Skywest Airlines Inc.",8,1,22,-3,373,-8
"United Air Lines Inc.",12,5,15,-2,867,-15
"American Eagle Airlines Inc.",6,4,12,-10,431,-7
"Southwest Airlines Co.",10,4,13,44,2106,32
"Delta Air Lines Inc.",3,3,17,-2,591,-10
"JetBlue Airways",8,1,26,-5,187,-18
"Atlantic Southeast Airlines",3,5,8,-10,130,-7
"Atlantic Southeast Airlines",5,2,18,-4,448,-5
"Southwest Airlines Co.",3,3,11,4,239,6
"United Air Lines Inc.",5,4,40,4,2425,3
"American Airlines Inc.",7,6,12,-7,1096,-21
"Skywest Airlines Inc.",11,6,45,30,911,48
"Alaska Airlines Inc.",1,4,11,20,978,19
"Atlantic Southeast Airlines",10,2,23,-5,503,-3
"JetBlue Airways",11,6,13,60,944,70
"Delta Air Lines Inc.",8,1,22,-2,731,-4
"Delta Air Lines Inc.",10,7,15,-11,1020,-26
"Alaska Airlines Inc.",11,6,14,-1,2688,26
"Atlantic Southeast Airlines",4,2,11,-11,128,-11
"Atlantic Southeast Airlines",1,1,44,-5,651,13
"Frontier Airlines Inc.",4,4,8,6,862,4
"Frontier Airlines Inc.",11,7,39,-7,1506,29
"Spirit Air Lines",3,4,17,-2,689,-5
"American Eagle Airlines Inc.",3,5,21,24,227,33
"Southwest Airlines Co.",7,1,7,-2,239,-9
"Southwest Airlines Co.",7,4,14,26,2173,28
"Delta Air Lines Inc.",12,6,21,0,760,-6
"Delta Air Lines Inc.",4,5,93,-2,547,91
"Southwest Airlines Co.",3,2,10,21,516,15
"Skywest Airlines Inc.",8,1,15,-5,387,-6
"American Airlines Inc.",5,6,16,-7,989,7
"Skywest Airlines Inc.",7,2,13,-10,908,-17
"American Airlines Inc.",9,7,23,-7,2378,-15
"American Airlines Inc.",6,4,26,39,1089,25
"Southwest Airlines Co.",1,2,10,-5,187,-6
"Delta Air Lines Inc.",7,1,15,11,746,-6
"Southwest Airlines Co.",3,5,9,-1,349,-13
"US Airways Inc.",4,7,18,-6,399,-9
"United Air Lines Inc.",6,5,16,31,775,20
"American Airlines Inc.",7,4,17,11,304,14
"Skywest Airlines Inc.",11,5,28,-6,192,5
"American Airlines Inc.",10,3,22,-3,328,0
"Frontier Airlines Inc.",8,3,11,5,602,0
"Delta Air Lines Inc.",1,7,35,21,1620,11
"Delta Air Lines Inc.",2,6,20,4,594,2
"Atlantic Southeast Airlines",2,5,14,-10,357,-16
"American Airlines Inc.",7,7,11,426,985,405
"Southwest Airlines Co.",1,2,12,-3,587,-3
"Southwest Airlines Co.",5,7,21,0,223,7
"Delta Air Lines Inc.",3,2,18,-2,502,2
"Delta Air Lines Inc.",3,1,15,-7,223,-23
"Southwest Airlines Co.",7,5,10,-3,488,-5
"American Airlines Inc.",3,5,21,-4,604,-6
"Atlantic Southeast Airlines",4,2,9,-9,610,-30
"Delta Air Lines Inc.",2,4,10,-6,250,-10
"Skywest Airlines Inc.",9,6,15,-8,67,-9
"American Eagle Airlines Inc.",5,2,13,-6,299,-8
"American Airlines Inc.",8,6,12,-8,683,-25
"JetBlue Airways",7,2,10,-7,759,-23
"American Airlines Inc.",8,5,48,69,1721,83
"Atlantic Southeast Airlines",5,1,59,-2,433,44
"Southwest Airlines Co.",9,2,10,-3,587,-13
"American Airlines Inc.",5,4,25,3,1744,-7
"JetBlue Airways",9,3,16,-8,828,-22
"Southwest Airlines Co.",5,3,6,68,239,65
"American Airlines Inc.",10,7,14,-7,328,-9
"Skywest Airlines Inc.",1,7,22,-7,421,3
"JetBlue Airways",4,3,12,1,319,2
"Southwest Airlines Co.",1,3,11,1,319,7
"JetBlue Airways",1,3,26,-10,369,-9
"Atlantic Southeast Airlines",12,4,22,-3,399,-2
"American Airlines Inc.",8,3,40,46,666,49
"Southwest Airlines Co.",7,4,9,76,687,71
"US Airways Inc.",4,4,27,-3,2402,-36
"Atlantic Southeast Airlines",3,5,10,65,229,71
"Skywest Airlines Inc.",1,5,8,-7,109,-13
"Spirit Air Lines",7,2,9,-2,1171,-18
"Alaska Airlines Inc.",10,1,11,-10,697,-11
"Southwest Airlines Co.",3,7,10,0,333,2
"American Eagle Airlines Inc.",11,4,22,-7,157,-2
"Spirit Air Lines",1,4,40,-4,925,13
"American Airlines Inc.",12,6,10,28,224,16
"Atlantic Southeast Airlines",1,4,45,-5,576,2
"Skywest Airlines Inc.",9,7,54,-5,421,26
"Alaska Airlines Inc.",2,4,15,-4,224,-11
"Southwest Airlines Co.",4,5,8,55,220,41
"JetBlue Airways",12,2,18,19,1056,22
"Alaska Airlines Inc.",7,4,18,10,1448,7
"Atlantic Southeast Airlines",5,6,5,-1,173,-10
"Spirit Air Lines",2,6,14,1,1182,-20
"JetBlue Airways",12,7,11,5,353,9
"Skywest Airlines Inc.",6,2,28,42,1195,31
"Southwest Airlines Co.",3,4,14,1,668,-5
"Delta Air Lines Inc.",1,1,10,-2,588,-14
"Delta Air Lines Inc.",10,1,18,-3,689,-14
"Atlantic Southeast Airlines",2,3,24,2,533,11
"United Air Lines Inc.",8,7,10,-4,948,-8
"Atlantic Southeast Airlines",9,2,26,-9,563,2
"Southwest Airlines Co.",1,3,22,-1,860,39
"Virgin America",11,7,34,16,2475,16
"Atlantic Southeast Airlines",9,5,8,-10,102,-19
"Atlantic Southeast Airlines",9,6,11,-3,448,-16
"Delta Air Lines Inc.",5,3,15,-3,1892,-18
"United Air Lines Inc.",9,7,10,-2,1008,-27
"Delta Air Lines Inc.",10,5,18,31,2519,21
"Skywest Airlines Inc.",5,2,11,31,558,23
"Delta Air Lines Inc.",2,2,11,-3,746,-16
"American Airlines Inc.",1,2,16,0,1726,-9
"Southwest Airlines Co.",5,4,11,-3,692,-20
"American Eagle Airlines Inc.",4,5,12,19,491,5
"Southwest Airlines Co.",12,3,13,45,674,42
"Southwest Airlines Co.",7,2,7,26,770,17
"Delta Air Lines Inc.",8,6,12,-4,692,-2
"United Air Lines Inc.",6,7,17,-2,2139,0
"Spirit Air Lines",1,5,12,386,1306,371
"American Eagle Airlines Inc.",4,5,15,65,888,48
"American Airlines Inc.",5,2,8,87,431,72
"United Air Lines Inc.",3,2,36,22,937,29
"American Airlines Inc.",3,4,24,3,2475,-12
"Atlantic Southeast Airlines",8,3,16,-14,595,-19
"Southwest Airlines Co.",12,5,9,-1,682,-29
"Atlantic Southeast Airlines",3,6,11,-6,83,-21
"Delta Air Lines Inc.",6,6,14,16,1481,-2
"Atlantic Southeast Airlines",10,3,17,-7,849,-12
"Atlantic Southeast Airlines",3,3,9,-6,563,-19
"Southwest Airlines Co.",7,3,15,-2,1199,-14
"Southwest Airlines Co.",8,7,8,-5,325,-3
"Atlantic Southeast Airlines",2,5,9,-5,551,-3
"American Airlines Inc.",10,1,12,-7,224,-13
"US Airways Inc.",1,7,13,-1,650,-6
"Atlantic Southeast Airlines",10,4,20,84,529,84
"Spirit Air Lines",5,5,15,-10,399,-5
"United Air Lines Inc.",5,3,19,-2,1123,-7
"Skywest Airlines Inc.",2,7,10,-1,150,6
"American Eagle Airlines Inc.",6,3,11,-11,431,-14
"United Air Lines Inc.",1,4,13,-6,1208,-10
"United Air Lines Inc.",8,1,32,13,937,16
"Virgin America",6,2,9,4,337,0
"Alaska Airlines Inc.",9,1,15,-3,1216,-13
"Southwest Airlines Co.",8,7,21,-1,1313,-8
"Atlantic Southeast Airlines",7,7,12,2,408,-2
"Southwest Airlines Co.",4,4,14,22,528,21
"Southwest Airlines Co.",12,2,10,8,386,-2
"Southwest Airlines Co.",10,6,9,-5,725,-33
"Frontier Airlines Inc.",10,4,12,-8,391,-11
"Frontier Airlines Inc.",8,3,14,9,1824,3
"Hawaiian Airlines Inc.",6,6,9,-2,102,-5
"Hawaiian Airlines Inc.",8,1,6,-3,100,2
"Delta Air Lines Inc.",11,4,10,33,404,21
"American Airlines Inc.",6,2,15,8,802,13
"Southwest Airlines Co.",5,6,9,-2,1521,-28
"Southwest Airlines Co.",4,5,8,-4,1218,-20
"Delta Air Lines Inc.",11,2,9,-4,773,-20
"American Eagle Airlines Inc.",9,1,12,-8,268,-6
"Delta Air Lines Inc.",3,7,24,0,859,12
"JetBlue Airways",2,3,18,-3,1076,-1
"Southwest Airlines Co.",6,1,10,1,436,1
"American Airlines Inc.",8,5,21,-3,280,-1
"Skywest Airlines Inc.",11,5,11,6,784,-3
"United Air Lines Inc.",1,4,10,26,1290,5
"Skywest Airlines Inc.",7,4,17,-3,491,-2
"American Airlines Inc.",12,3,19,9,325,7
"Skywest Airlines Inc.",7,3,12,91,606,76
"American Airlines Inc.",12,4,15,11,224,3
"Spirit Air Lines",6,5,21,10,925,-3
"Southwest Airlines Co.",12,4,10,-5,717,-43
"American Airlines Inc.",7,5,13,-4,1258,-23
"Delta Air Lines Inc.",11,3,12,-3,393,-5
"American Airlines Inc.",10,7,11,-1,802,-38
"Skywest Airlines Inc.",7,3,20,-4,67,-15
"United Air Lines Inc.",12,3,9,37,853,11
"Skywest Airlines Inc.",2,1,34,18,978,26
"Skywest Airlines Inc.",7,1,11,-5,449,-17
"American Airlines Inc.",4,5,9,-6,802,-34
"Alaska Airlines Inc.",8,6,11,2,1448,9
"Atlantic Southeast Airlines",6,5,18,136,488,127
"Atlantic Southeast Airlines",3,7,13,-3,253,-7
"Skywest Airlines Inc.",6,4,15,18,717,-2
"Southwest Airlines Co.",1,3,34,-2,1587,-4
"US Airways Inc.",6,1,18,0,226,-6
"American Eagle Airlines Inc.",4,6,12,-8,510,-28
"US Airways Inc.",1,3,23,0,338,0
"Southwest Airlines Co.",7,2,11,83,255,75
"US Airways Inc.",6,4,21,112,868,100
"United Air Lines Inc.",5,7,14,3,1085,-8
"JetBlue Airways",5,2,37,47,395,66
"Delta Air Lines Inc.",9,5,12,-2,1670,-13
"Alaska Airlines Inc.",4,5,7,44,1448,27
"Southwest Airlines Co.",1,7,10,35,909,12
"Skywest Airlines Inc.",11,3,21,-9,284,-4
"Southwest Airlines Co.",4,7,9,-1,251,-2
"Skywest Airlines Inc.",11,3,16,-15,926,-12
"Atlantic Southeast Airlines",5,3,9,-3,427,-3
"American Eagle Airlines Inc.",11,7,10,-7,409,-16
"US Airways Inc.",6,6,48,-1,861,15
"Delta Air Lines Inc.",3,5,10,24,432,9
"United Air Lines Inc.",5,6,12,5,1739,-22
"American Airlines Inc.",5,6,18,-2,2342,-23
"Atlantic Southeast Airlines",1,7,10,31,153,23
"Skywest Airlines Inc.",1,7,20,6,649,13
"Southwest Airlines Co.",6,4,9,-6,973,-20
"Skywest Airlines Inc.",4,1,19,-6,911,-10
"Southwest Airlines Co.",3,4,6,-5,546,-8
"US Airways Inc.",2,5,28,5,2153,-3
"American Airlines Inc.",10,5,21,-1,2176,-11
"American Airlines Inc.",6,4,30,1,187,-20
"Frontier Airlines Inc.",11,4,13,-1,679,-6
"American Eagle Airlines Inc.",10,4,37,-2,316,7
"Skywest Airlines Inc.",5,3,11,-3,563,-8
"Delta Air Lines Inc.",2,5,21,1,594,-16
"American Airlines Inc.",3,1,20,81,1171,93
"Southwest Airlines Co.",5,5,12,-1,895,-16
"Delta Air Lines Inc.",1,3,12,-3,1124,-8
"Hawaiian Airlines Inc.",2,4,15,-1,2640,1
"American Airlines Inc.",11,3,8,-5,733,-26
"Southwest Airlines Co.",12,2,11,-4,1048,-15
"Southwest Airlines Co.",11,3,15,-4,591,-9
"Atlantic Southeast Airlines",1,6,26,-1,335,-14
"Southwest Airlines Co.",8,1,10,-3,691,-28
"Alaska Airlines Inc.",3,2,7,10,1448,-10
"Atlantic Southeast Airlines",10,1,8,-5,127,-11
"American Airlines Inc.",4,1,12,-5,1389,-34
"Southwest Airlines Co.",8,5,18,76,391,88
"Delta Air Lines Inc.",10,5,9,-1,712,-17
"Southwest Airlines Co.",8,3,15,2,370,6
"Skywest Airlines Inc.",5,7,11,-8,781,2
"Southwest Airlines Co.",4,6,17,161,668,152
"Skywest Airlines Inc.",4,4,18,-3,843,-8
"Southwest Airlines Co.",2,4,9,-3,407,-12
"Southwest Airlines Co.",9,2,8,-5,495,-11
"United Air Lines Inc.",12,4,16,-1,862,-36
"American Airlines Inc.",8,7,14,-2,1205,-8
"Skywest Airlines Inc.",8,3,13,17,566,21
"Southwest Airlines Co.",9,1,7,11,472,4
"Delta Air Lines Inc.",9,1,16,0,1282,-20
"American Eagle Airlines Inc.",7,5,26,-8,312,-7
"Frontier Airlines Inc.",2,3,15,18,1062,22
"American Airlines Inc.",12,1,7,85,551,68
"Delta Air Lines Inc.",8,3,21,0,626,6
"Delta Air Lines Inc.",9,5,15,-2,297,-5
"Skywest Airlines Inc.",5,1,17,-12,451,-13
"Virgin America",8,5,10,7,1846,-8
"Delta Air Lines Inc.",7,4,18,-1,1919,-3
"Southwest Airlines Co.",4,4,13,-2,1105,-20
"United Air Lines Inc.",9,5,20,6,955,-3
"American Airlines Inc.",4,5,18,166,1217,144
"Southwest Airlines Co.",7,5,10,-7,1218,-11
"Southwest Airlines Co.",8,1,14,-4,651,-4
"Southwest Airlines Co.",4,3,11,-5,889,-13
"American Airlines Inc.",5,1,18,-2,1192,-18
"Delta Air Lines Inc.",7,6,10,-3,1175,-4
"Skywest Airlines Inc.",8,2,18,-4,550,-13
"Southwest Airlines Co.",1,3,8,0,148,2
"Southwest Airlines Co.",6,3,9,1,591,-6
"Delta Air Lines Inc.",12,4,11,52,201,37
"Southwest Airlines Co.",9,3,9,-5,373,-9
"American Airlines Inc.",9,3,17,-4,1460,-8
"Atlantic Southeast Airlines",10,5,25,-2,282,-2
"Atlantic Southeast Airlines",1,3,9,-6,163,-14
"US Airways Inc.",1,1,24,4,728,16
"Southwest Airlines Co.",1,1,9,-8,484,-13
"American Eagle Airlines Inc.",8,2,9,-3,557,-19
"American Airlines Inc.",9,4,16,-2,802,-15
"Spirit Air Lines",4,1,15,-6,403,-13
"Delta Air Lines Inc.",1,1,14,-2,936,-10
"Atlantic Southeast Airlines",10,2,14,-3,408,-10
"Atlantic Southeast Airlines",8,5,11,-17,277,-28
"American Airlines Inc.",12,1,21,-2,2486,-15
"Alaska Airlines Inc.",2,3,18,-1,1448,6
"Alaska Airlines Inc.",1,4,13,-5,1399,-14
"United Air Lines Inc.",11,6,14,5,414,-2
"Skywest Airlines Inc.",12,3,71,-13,188,25
"Southwest Airlines Co.",5,3,9,-1,189,-7
"American Eagle Airlines Inc.",11,5,23,-8,139,-8
"Frontier Airlines Inc.",7,1,11,-4,991,-7
"Alaska Airlines Inc.",1,5,41,-3,2402,29
"American Airlines Inc.",7,4,28,-5,944,-30
"Southwest Airlines Co.",11,3,12,-4,1624,-16
"Delta Air Lines Inc.",8,6,12,-1,442,-6
"Southwest Airlines Co.",11,3,15,-2,356,-8
"Virgin America",7,6,11,-3,1476,-7
"Atlantic Southeast Airlines",9,1,9,18,500,0
"American Airlines Inc.",7,4,16,-7,930,-22
"Atlantic Southeast Airlines",3,5,15,-10,576,-3
"Skywest Airlines Inc.",1,2,11,23,784,25
"Delta Air Lines Inc.",3,1,21,0,1416,19
"JetBlue Airways",9,3,20,14,1076,17
"Atlantic Southeast Airlines",10,5,16,-6,569,1
"Delta Air Lines Inc.",7,1,17,15,946,0
"US Airways Inc.",6,4,43,38,2075,56
"Delta Air Lines Inc.",8,3,8,-5,748,-15
"American Airlines Inc.",7,5,14,3,1089,-1
"Delta Air Lines Inc.",6,4,28,38,2454,24
"JetBlue Airways",10,6,15,-10,1056,-10
"Delta Air Lines Inc.",3,6,13,-2,341,-8
"American Airlines Inc.",9,5,15,22,802,13
"Southwest Airlines Co.",6,3,10,-4,197,-10
"Hawaiian Airlines Inc.",9,6,8,5,121,8
"Southwest Airlines Co.",6,7,6,-2,251,1
"Southwest Airlines Co.",5,1,14,1,283,-9
"Delta Air Lines Inc.",3,5,23,19,406,20
"United Air Lines Inc.",7,1,54,127,337,139
"Atlantic Southeast Airlines",9,5,49,-6,201,45
"Southwest Airlines Co.",10,7,7,-3,1142,-25
"Spirit Air Lines",3,1,12,-4,1744,-31
"Skywest Airlines Inc.",9,4,25,-7,89,5
"Southwest Airlines Co.",6,7,10,-2,446,-2
"Hawaiian Airlines Inc.",12,7,10,1,163,-4
"Atlantic Southeast Airlines",10,2,9,-6,170,-8
"American Airlines Inc.",3,5,17,53,204,49
"American Airlines Inc.",10,4,18,-3,946,-5
"Spirit Air Lines",7,7,8,0,236,-6
"United Air Lines Inc.",6,5,18,-3,2419,-19
"Atlantic Southeast Airlines",6,1,14,71,542,72
"US Airways Inc.",4,4,12,-8,759,-12
"American Eagle Airlines Inc.",9,7,10,-1,158,-10
"Delta Air Lines Inc.",10,6,13,-2,235,-2
"American Airlines Inc.",11,4,17,22,936,9
"Spirit Air Lines",10,4,24,-1,563,-2
"Atlantic Southeast Airlines",3,4,16,-9,462,-15
"Atlantic Southeast Airlines",12,4,19,-3,151,10
"Southwest Airlines Co.",10,5,8,9,986,-8
"Delta Air Lines Inc.",6,4,24,31,432,28
"Frontier Airlines Inc.",2,1,19,-8,967,-5
"Skywest Airlines Inc.",7,2,13,-12,525,-12
"Delta Air Lines Inc.",11,1,13,-6,590,-13
"Southwest Airlines Co.",7,6,11,-2,1444,-11
"JetBlue Airways",10,2,13,-2,1179,-9
"Skywest Airlines Inc.",4,1,19,-8,794,-8
"Southwest Airlines Co.",2,5,10,14,1984,11
"Southwest Airlines Co.",5,3,13,-2,967,-15
"Skywest Airlines Inc.",3,7,13,-9,387,-11
"American Eagle Airlines Inc.",9,5,30,16,235,23
"Delta Air Lines Inc.",9,4,13,3,321,-7
"Alaska Airlines Inc.",4,3,16,-10,672,-8
"US Airways Inc.",4,7,9,0,529,-10
"American Airlines Inc.",11,3,17,-6,551,-10
"Skywest Airlines Inc.",10,4,23,-3,546,5
"Atlantic Southeast Airlines",1,6,42,-4,529,15
"Delta Air Lines Inc.",2,3,9,12,1084,4
"American Airlines Inc.",10,7,14,-1,599,-18
"United Air Lines Inc.",1,3,18,13,1739,2
"Skywest Airlines Inc.",5,3,21,-3,596,-2
"American Airlines Inc.",7,7,8,-3,731,-24
"Southwest Airlines Co.",7,1,24,-5,397,-23
"Delta Air Lines Inc.",2,2,12,13,590,1
"Delta Air Lines Inc.",8,1,12,-4,500,-30
"Southwest Airlines Co.",2,2,10,-1,1428,-13
"American Eagle Airlines Inc.",11,7,6,-6,113,-14
"Southwest Airlines Co.",11,7,11,-3,762,-18
"Atlantic Southeast Airlines",10,7,28,-5,585,-1
"US Airways Inc.",6,5,15,-4,599,-16
"JetBlue Airways",1,2,16,-14,728,-21
"Southwest Airlines Co.",1,4,11,-7,397,-17
"American Eagle Airlines Inc.",11,7,19,-6,351,-15
"Delta Air Lines Inc.",7,3,16,11,1199,1
"United Air Lines Inc.",7,5,16,31,888,24
"Atlantic Southeast Airlines",12,2,9,240,482,234
"US Airways Inc.",3,3,28,8,2521,-7
"Southwest Airlines Co.",8,5,13,1,236,-6
"US Airways Inc.",5,7,20,-3,546,-3
"American Eagle Airlines Inc.",6,1,23,-1,522,-7
"Southwest Airlines Co.",6,7,30,-4,907,-4
"American Airlines Inc.",8,2,26,-3,2176,-13
"United Air Lines Inc.",10,7,22,30,1635,8
"American Airlines Inc.",9,2,19,21,192,15
"Southwest Airlines Co.",1,1,7,74,825,124
"American Airlines Inc.",12,5,28,-1,541,-7
"Southwest Airlines Co.",5,7,15,-4,328,-5
"Southwest Airlines Co.",6,3,6,29,337,17
"American Airlines Inc.",9,6,29,-3,2075,-19
"Atlantic Southeast Airlines",12,5,20,55,258,45
"United Air Lines Inc.",2,4,14,-6,1452,-5
"Delta Air Lines Inc.",5,2,19,195,304,190
"United Air Lines Inc.",3,1,17,-5,2446,-22
"Southwest Airlines Co.",11,6,10,12,159,2
"Delta Air Lines Inc.",12,3,16,45,765,29
"JetBlue Airways",8,4,17,-3,387,3
"Southwest Airlines Co.",4,2,14,-2,793,1
"Delta Air Lines Inc.",7,2,21,-5,1035,-28
"American Eagle Airlines Inc.",6,4,15,-8,237,-11
"Skywest Airlines Inc.",12,5,10,-6,624,-15
"American Airlines Inc.",8,2,24,2,1562,-7
"Southwest Airlines Co.",12,3,12,-3,849,-16
"Skywest Airlines Inc.",12,3,10,-2,867,-27
"Southwest Airlines Co.",9,3,6,20,895,5
"Skywest Airlines Inc.",11,5,24,-8,1464,-19
"Southwest Airlines Co.",3,6,18,-4,1947,-25
"Atlantic Southeast Airlines",8,4,12,-9,694,-25
"American Eagle Airlines Inc.",12,2,17,-8,968,-1
"Southwest Airlines Co.",5,6,9,-4,390,-7
"Delta Air Lines Inc.",1,2,11,2,1074,4
"Delta Air Lines Inc.",5,2,9,-2,528,-11
"Skywest Airlines Inc.",6,2,24,-3,262,-5
"American Airlines Inc.",10,4,45,1,583,21
"Southwest Airlines Co.",3,5,8,-4,1072,-9
"United Air Lines Inc.",11,3,29,-1,1005,8
"American Airlines Inc.",2,1,8,-1,2158,-5
"Southwest Airlines Co.",11,5,11,-4,793,-16
"Southwest Airlines Co.",6,1,7,-3,605,-7
"Skywest Airlines Inc.",12,1,24,-4,844,-7
"United Air Lines Inc.",4,4,12,-2,602,-5
"Southwest Airlines Co.",8,5,11,-2,358,-5
"American Eagle Airlines Inc.",3,2,15,-2,408,-18
"Delta Air Lines Inc.",9,4,22,-2,1900,-8
"JetBlue Airways",3,4,26,-6,369,6
"Southwest Airlines Co.",11,2,8,12,602,-1
"Southwest Airlines Co.",5,7,5,-5,601,-28
"Southwest Airlines Co.",10,5,15,0,1491,-16
"Skywest Airlines Inc.",8,2,6,-5,67,-10
"American Airlines Inc.",3,1,22,-5,641,-1
"Southwest Airlines Co.",2,3,8,1,1428,-15
"Frontier Airlines Inc.",3,6,12,-1,1062,5
"United Air Lines Inc.",5,5,13,3,862,0
"Delta Air Lines Inc.",8,6,18,-7,516,-6
"Southwest Airlines Co.",10,5,7,54,220,44
"Alaska Airlines Inc.",7,7,14,-10,550,-25
"American Airlines Inc.",2,1,16,45,986,47
"JetBlue Airways",8,6,19,39,2465,12
"Southwest Airlines Co.",12,3,10,4,368,3
"American Airlines Inc.",2,6,30,-6,236,3
"United Air Lines Inc.",12,5,20,-8,2565,-13
"American Airlines Inc.",4,3,20,15,1726,3
"Southwest Airlines Co.",9,3,16,-3,777,-8
"Atlantic Southeast Airlines",1,7,12,63,391,54
"Skywest Airlines Inc.",10,2,16,-1,425,-7
"Delta Air Lines Inc.",3,7,19,-5,1640,-10
"American Airlines Inc.",8,7,11,-4,1464,-19
"American Eagle Airlines Inc.",7,2,27,28,489,31
"Skywest Airlines Inc.",3,3,24,35,370,41
"Virgin America",6,6,10,103,2586,82
"Southwest Airlines Co.",12,2,10,16,986,2
"American Airlines Inc.",11,3,21,-2,1089,2
"Delta Air Lines Inc.",1,4,30,-6,1010,-23
"Hawaiian Airlines Inc.",1,5,6,-6,102,-6
"American Airlines Inc.",12,6,16,-2,2072,4
"Skywest Airlines Inc.",2,3,25,-1,209,5
"Delta Air Lines Inc.",1,4,18,-6,545,0
"Delta Air Lines Inc.",3,2,24,14,1590,35
"Virgin America",6,6,11,-4,447,-8
"Southwest Airlines Co.",5,5,11,-7,892,-10
"Skywest Airlines Inc.",3,6,13,-6,493,7
"Atlantic Southeast Airlines",4,2,11,45,190,43
"Southwest Airlines Co.",6,4,6,13,802,3
"Atlantic Southeast Airlines",3,3,33,-2,83,13
"Skywest Airlines Inc.",4,5,21,3,236,1
"Southwest Airlines Co.",11,3,20,290,480,295
"Alaska Airlines Inc.",7,6,19,-5,978,-8
"Delta Air Lines Inc.",3,6,10,-4,444,-8
"US Airways Inc.",4,5,17,-1,2917,-10
"United Air Lines Inc.",10,2,15,-3,1723,-27
"Delta Air Lines Inc.",5,4,16,-1,591,-13
"US Airways Inc.",4,4,11,-6,759,-9
"Skywest Airlines Inc.",7,6,17,-4,1058,-17
"Skywest Airlines Inc.",3,4,19,-7,119,0
"Skywest Airlines Inc.",8,6,11,-8,228,-16
"Atlantic Southeast Airlines",6,7,10,-10,642,-2
"Atlantic Southeast Airlines",7,3,13,-5,1134,-17
"United Air Lines Inc.",9,3,20,4,612,-3
"Skywest Airlines Inc.",10,4,14,-9,421,-19
"American Airlines Inc.",4,4,17,2,1107,-2
"Southwest Airlines Co.",6,1,11,-4,187,-4
"American Airlines Inc.",3,1,11,-4,1182,-22
"United Air Lines Inc.",9,2,80,37,612,87
"American Airlines Inc.",7,6,12,16,1440,-2
"US Airways Inc.",1,6,13,-1,1916,8
"Southwest Airlines Co.",4,3,12,-1,446,-9
"Southwest Airlines Co.",3,5,12,19,1076,12
"United Air Lines Inc.",8,3,10,-6,334,-22
"Skywest Airlines Inc.",11,7,9,-3,1119,-39
"Atlantic Southeast Airlines",6,4,8,-8,374,-25
"JetBlue Airways",8,4,16,0,474,-8
"Southwest Airlines Co.",4,5,14,24,1142,22
"Delta Air Lines Inc.",9,4,13,-4,453,-11
"Hawaiian Airlines Inc.",3,1,10,4,100,3
"American Eagle Airlines Inc.",3,7,13,16,462,34
"American Eagle Airlines Inc.",3,5,9,14,462,-2
"Delta Air Lines Inc.",1,7,18,-6,271,-4
"Spirit Air Lines",10,6,9,-5,1062,-12
"American Airlines Inc.",12,4,14,4,1562,-24
"United Air Lines Inc.",7,4,17,-5,997,-5
"Skywest Airlines Inc.",2,3,18,76,483,73
"Southwest Airlines Co.",6,3,15,34,972,28
"Southwest Airlines Co.",8,4,7,3,302,-2
"JetBlue Airways",4,6,16,-9,399,-9
"Skywest Airlines Inc.",11,6,18,-6,199,-14
"Southwest Airlines Co.",11,6,7,56,440,46
"Delta Air Lines Inc.",5,7,22,17,1481,11
"JetBlue Airways",6,4,61,-4,1076,43
"Delta Air Lines Inc.",12,4,20,-2,2611,10
"JetBlue Airways",12,2,37,-2,1204,22
"American Airlines Inc.",8,3,17,-4,1372,-10
"American Eagle Airlines Inc.",3,1,9,70,408,60
"Delta Air Lines Inc.",2,3,8,-3,712,-32
"American Eagle Airlines Inc.",12,2,20,-4,196,-18
"Skywest Airlines Inc.",3,1,20,-10,199,-9
"JetBlue Airways",12,2,19,2,989,-2
"Southwest Airlines Co.",4,1,8,-3,255,-23
"Atlantic Southeast Airlines",10,4,24,8,780,5
"American Eagle Airlines Inc.",2,5,61,38,693,83
"JetBlue Airways",1,4,12,3,899,-12
"Southwest Airlines Co.",11,6,13,1,1947,-8
"Skywest Airlines Inc.",11,7,14,63,264,59
"Skywest Airlines Inc.",1,4,14,-4,86,-6
"Southwest Airlines Co.",7,7,14,24,1067,25
"Southwest Airlines Co.",5,7,7,75,1444,61
"American Airlines Inc.",11,1,12,0,130,-7
"Southwest Airlines Co.",3,1,6,-4,997,-19
"Skywest Airlines Inc.",8,7,33,-5,438,-7
"United Air Lines Inc.",11,7,11,-1,888,-16
"Skywest Airlines Inc.",9,7,16,-10,129,-16
"Spirit Air Lines",7,7,8,9,1021,-5
"Delta Air Lines Inc.",10,5,15,-7,481,-9
"Alaska Airlines Inc.",1,6,23,-9,82,-5
"Southwest Airlines Co.",1,5,11,-3,281,-9
"Southwest Airlines Co.",8,5,7,-5,591,-19
"Alaska Airlines Inc.",4,2,12,14,1448,26
"American Airlines Inc.",7,4,13,-5,399,-8
"Southwest Airlines Co.",8,3,6,-6,325,-9
"Southwest Airlines Co.",3,6,23,-1,369,8
"Skywest Airlines Inc.",2,7,16,31,501,42
"JetBlue Airways",2,5,14,-5,1121,4
"American Eagle Airlines Inc.",8,1,10,-1,113,-16
"Atlantic Southeast Airlines",5,6,12,-8,529,-22
"Alaska Airlines Inc.",9,5,14,-8,2149,-30
"American Airlines Inc.",3,4,17,0,631,0
"Southwest Airlines Co.",11,5,9,-6,668,-22
"Delta Air Lines Inc.",8,4,9,1,645,-15
"American Airlines Inc.",10,4,13,-7,1172,-38
"Delta Air Lines Inc.",2,2,14,5,270,-13
"Hawaiian Airlines Inc.",9,6,5,-15,100,-17
"Delta Air Lines Inc.",11,3,11,1,1547,-22
"US Airways Inc.",1,7,28,-2,370,7
"Southwest Airlines Co.",9,7,10,-4,386,-7
"Skywest Airlines Inc.",10,7,22,-6,488,-8
"American Airlines Inc.",8,1,8,-5,814,-20
"JetBlue Airways",6,1,13,62,1046,42
"Skywest Airlines Inc.",8,6,16,-12,224,-5
"Delta Air Lines Inc.",5,7,11,-5,453,-9
"Atlantic Southeast Airlines",8,3,16,-2,594,-7
"American Airlines Inc.",9,6,14,-10,1431,-28
"Delta Air Lines Inc.",8,2,12,12,259,-1
"Southwest Airlines Co.",7,3,7,-4,462,-11
"Southwest Airlines Co.",4,3,8,-5,1506,-22
"US Airways Inc.",4,4,12,-7,1587,-15
"American Airlines Inc.",6,5,10,-4,1120,-12
"Southwest Airlines Co.",2,5,8,-8,402,-23
"Southwest Airlines Co.",2,4,8,0,1211,-13
"Spirit Air Lines",7,5,13,3,1235,2
"Southwest Airlines Co.",2,6,24,-7,270,1
"Skywest Airlines Inc.",11,2,14,-9,272,-4
"Southwest Airlines Co.",9,2,12,-1,404,-10
"Hawaiian Airlines Inc.",12,7,9,1,100,3
"Virgin America",11,7,8,-3,2218,-10
"Spirit Air Lines",7,3,11,-12,563,-33
"Southwest Airlines Co.",7,6,11,1,189,1
"American Airlines Inc.",11,1,20,-8,861,-12
"American Airlines Inc.",8,1,16,-4,1205,-15
"Alaska Airlines Inc.",5,6,22,-1,672,6
"Atlantic Southeast Airlines",1,5,12,-1,458,6
"Skywest Airlines Inc.",3,2,19,-6,370,-10
"Delta Air Lines Inc.",12,3,27,13,134,19
"Skywest Airlines Inc.",8,4,14,2,143,8
"Skywest Airlines Inc.",9,3,21,-7,425,0
"United Air Lines Inc.",8,4,16,71,802,54
"Skywest Airlines Inc.",7,2,15,-5,545,-11
"US Airways Inc.",3,1,17,-8,683,-14
"Atlantic Southeast Airlines",10,4,54,-6,292,7
"Southwest Airlines Co.",4,4,6,5,325,-3
"United Air Lines Inc.",7,6,15,-3,2288,-22
"Southwest Airlines Co.",6,3,7,-5,1066,-17
"American Eagle Airlines Inc.",7,1,22,0,473,-13
"American Airlines Inc.",12,4,18,2,1055,-11
"Delta Air Lines Inc.",12,3,19,125,515,119
"Southwest Airlines Co.",10,4,7,130,949,109
"Skywest Airlines Inc.",12,2,12,-8,313,-22
"Delta Air Lines Inc.",2,2,10,-11,1175,-9
"Delta Air Lines Inc.",9,7,20,1,1517,0
"Atlantic Southeast Airlines",3,6,14,-8,170,-18
"United Air Lines Inc.",6,5,29,26,2139,23
"Southwest Airlines Co.",3,3,8,1,1670,4
"Southwest Airlines Co.",10,4,15,-4,715,-6
"Atlantic Southeast Airlines",10,3,10,5,771,-11
"Southwest Airlines Co.",12,4,7,-2,436,-15
"Atlantic Southeast Airlines",9,1,11,10,677,6
"American Airlines Inc.",3,7,13,-4,334,-20
"Delta Air Lines Inc.",4,1,17,0,731,-22
"Skywest Airlines Inc.",5,6,16,-2,67,-8
"American Airlines Inc.",9,4,8,5,646,-13
"Delta Air Lines Inc.",9,5,15,-3,584,-16
"Southwest Airlines Co.",11,6,23,-2,867,4
"Delta Air Lines Inc.",7,5,14,27,545,18
"Skywest Airlines Inc.",1,1,18,10,308,14
"Skywest Airlines Inc.",9,6,18,-3,315,0
"American Airlines Inc.",10,3,15,-7,861,-22
"Skywest Airlines Inc.",11,3,19,1,601,10
"American Airlines Inc.",2,2,19,3,612,10
"Skywest Airlines Inc.",2,2,12,-3,109,-8
"Atlantic Southeast Airlines",6,3,17,58,482,43
"JetBlue Airways",1,4,16,-8,1197,-10
"Southwest Airlines Co.",4,7,9,13,646,5
"Southwest Airlines Co.",9,5,11,9,862,-5
"United Air Lines Inc.",1,1,25,10,1400,-13
"Spirit Air Lines",7,2,11,74,406,65
"Hawaiian Airlines Inc.",8,1,15,0,163,11
"American Airlines Inc.",9,1,8,-7,204,-20
"Delta Air Lines Inc.",11,1,24,-4,689,1
"Atlantic Southeast Airlines",6,1,10,-7,179,-21
"Atlantic Southeast Airlines",11,4,12,-2,376,-10
"US Airways Inc.",3,1,9,-4,808,1
"Alaska Airlines Inc.",12,2,35,270,1024,286
"US Airways Inc.",1,7,12,-3,468,-9
"United Air Lines Inc.",12,2,43,89,723,96
"Southwest Airlines Co.",10,5,9,20,957,6
"Delta Air Lines Inc.",1,5,20,-10,1547,2
"American Eagle Airlines Inc.",1,7,11,1,396,-2
"Southwest Airlines Co.",4,5,18,-2,925,-10
"Southwest Airlines Co.",12,5,10,-8,1024,-29
"Skywest Airlines Inc.",8,2,47,-8,118,20
"Delta Air Lines Inc.",5,4,13,-6,366,-4
"JetBlue Airways",4,4,19,11,1197,17
"Southwest Airlines Co.",6,5,9,-5,401,-1
"Atlantic Southeast Airlines",5,1,18,10,427,26
"Atlantic Southeast Airlines",10,1,18,-4,227,-7
"Frontier Airlines Inc.",12,6,23,0,861,0
"Southwest Airlines Co.",3,4,7,-3,446,-17
"United Air Lines Inc.",11,7,12,32,337,12
"Southwest Airlines Co.",3,1,23,0,762,1
"Delta Air Lines Inc.",3,4,25,0,1587,-26
"JetBlue Airways",12,4,12,29,1068,10
"American Eagle Airlines Inc.",4,1,14,-3,931,12
"United Air Lines Inc.",1,6,7,5,1585,-4
"Southwest Airlines Co.",8,6,9,-1,507,-9
"Southwest Airlines Co.",11,6,11,12,1557,-2
"Virgin America",3,4,14,18,2248,17
"JetBlue Airways",3,6,20,-6,1065,6
"Delta Air Lines Inc.",11,2,11,4,432,-2
"United Air Lines Inc.",1,1,42,-8,191,4
"American Airlines Inc.",4,2,12,-6,731,-5
"Southwest Airlines Co.",9,3,9,13,919,10
"Delta Air Lines Inc.",12,3,19,-2,500,-13
"United Air Lines Inc.",6,2,10,17,811,5
"United Air Lines Inc.",5,5,9,32,334,23
"American Airlines Inc.",2,6,17,-12,2486,-1
"Delta Air Lines Inc.",5,1,17,-2,743,-11
"Southwest Airlines Co.",7,3,13,-2,1235,-14
"Southwest Airlines Co.",12,2,13,-5,541,-13
"United Air Lines Inc.",9,6,13,-4,967,-18
"United Air Lines Inc.",12,4,12,-2,1065,-22
"Southwest Airlines Co.",11,1,9,17,1558,8
"Delta Air Lines Inc.",5,1,11,8,1547,11
"United Air Lines Inc.",12,7,12,-4,733,-17
"American Airlines Inc.",6,4,20,13,1744,9
"United Air Lines Inc.",9,5,25,0,1605,25
"American Airlines Inc.",10,6,14,28,1120,25
"United Air Lines Inc.",10,4,20,14,334,12
"United Air Lines Inc.",7,2,35,25,758,45
"American Eagle Airlines Inc.",8,5,13,0,491,-15
"US Airways Inc.",2,5,32,17,2296,25
"Skywest Airlines Inc.",6,3,29,6,584,9
"Southwest Airlines Co.",8,1,8,-5,296,-6
"Delta Air Lines Inc.",11,2,20,-5,270,-7
"Southwest Airlines Co.",9,2,10,-6,337,-6
"American Airlines Inc.",12,5,18,-5,1171,5
"Southwest Airlines Co.",7,6,9,20,239,15
"American Eagle Airlines Inc.",7,2,14,59,738,53
"Skywest Airlines Inc.",6,6,19,35,726,27
"US Airways Inc.",2,7,9,-4,500,-7
"Skywest Airlines Inc.",1,4,13,193,410,193
"Southwest Airlines Co.",9,7,13,-1,1020,-20
"Southwest Airlines Co.",6,4,11,-3,937,-13
"Delta Air Lines Inc.",6,2,18,-2,1919,-30
"Atlantic Southeast Airlines",12,1,11,-3,837,-7
"Southwest Airlines Co.",4,3,13,11,872,6
"Alaska Airlines Inc.",2,7,24,-6,2378,-6
"Alaska Airlines Inc.",7,7,10,34,1542,13
"Skywest Airlines Inc.",3,7,20,85,209,82
"Delta Air Lines Inc.",11,7,18,63,931,53
"Southwest Airlines Co.",11,6,9,-2,373,-5
"Southwest Airlines Co.",9,2,9,0,386,-8
"Delta Air Lines Inc.",1,5,11,-3,748,-21
"Atlantic Southeast Airlines",3,6,18,-2,500,-6
"Atlantic Southeast Airlines",10,5,25,-5,143,12
"Delta Air Lines Inc.",8,1,16,26,2239,41
"Delta Air Lines Inc.",12,2,14,-4,151,11
"Spirit Air Lines",4,2,15,-5,2176,15
"Southwest Airlines Co.",5,6,5,14,1173,-6
"Delta Air Lines Inc.",10,1,12,-6,980,-15
"Delta Air Lines Inc.",8,7,12,-5,666,-10
"American Eagle Airlines Inc.",5,6,7,-5,268,-29
"JetBlue Airways",2,2,12,-5,1074,-20
"United Air Lines Inc.",11,1,15,-1,1222,-19
"American Airlines Inc.",12,1,14,46,1217,28
"American Airlines Inc.",7,4,12,21,449,32
"Spirit Air Lines",11,4,9,21,1021,1
"Skywest Airlines Inc.",9,2,18,33,1197,27
"JetBlue Airways",11,1,15,-1,994,-13
"JetBlue Airways",1,3,20,-6,1598,-9
"Southwest Airlines Co.",12,5,9,9,488,8
"Atlantic Southeast Airlines",8,4,19,-4,599,-12
"JetBlue Airways",10,2,17,-2,759,-2
"Delta Air Lines Inc.",2,6,14,-5,1487,-27
"Spirit Air Lines",7,3,11,-7,1954,-17
"American Airlines Inc.",5,2,20,-4,919,-14
"American Eagle Airlines Inc.",5,6,18,-11,502,-30
"Southwest Airlines Co.",1,7,21,2,663,9
"American Airlines Inc.",9,1,13,-5,190,-16
"Southwest Airlines Co.",2,7,9,-1,370,3
"American Airlines Inc.",2,3,11,-9,551,-18
"United Air Lines Inc.",2,7,8,7,1208,-5
"Atlantic Southeast Airlines",4,4,27,267,102,268
"Delta Air Lines Inc.",7,7,21,-6,366,-9
"Delta Air Lines Inc.",10,1,9,-4,813,-18
"Atlantic Southeast Airlines",1,7,5,-5,302,-10
"Frontier Airlines Inc.",11,3,12,26,1024,2
"JetBlue Airways",5,3,11,-6,1005,-24
"Atlantic Southeast Airlines",4,3,24,-3,395,4
"Spirit Air Lines",9,2,11,-10,1379,-15
"Southwest Airlines Co.",4,4,9,8,551,-7
"American Airlines Inc.",9,3,9,54,190,34
"Delta Air Lines Inc.",7,7,11,-4,448,-6
"Skywest Airlines Inc.",4,4,16,-3,657,-4
"US Airways Inc.",6,1,13,5,1009,-2
"Delta Air Lines Inc.",6,2,15,-4,259,-16
"JetBlue Airways",8,6,8,108,846,96
"American Airlines Inc.",12,4,17,-3,1431,-7
"Delta Air Lines Inc.",4,7,21,21,1089,14
"American Eagle Airlines Inc.",6,2,16,-5,925,-12
"Skywest Airlines Inc.",12,4,31,-3,408,9
"JetBlue Airways",9,7,16,-9,1097,-10
"American Eagle Airlines Inc.",1,2,10,8,299,-3
"JetBlue Airways",12,3,38,12,740,22
"American Airlines Inc.",10,2,13,-7,666,-15
"Southwest Airlines Co.",4,5,8,22,236,17
"Skywest Airlines Inc.",3,6,21,0,110,-3
"American Eagle Airlines Inc.",1,5,15,-7,173,-25
"American Eagle Airlines Inc.",1,7,10,0,716,-24
"United Air Lines Inc.",10,7,20,2,967,0
"Skywest Airlines Inc.",4,3,18,-3,641,7
"Atlantic Southeast Airlines",1,6,9,-4,403,-26
"Delta Air Lines Inc.",3,2,13,25,859,4
"Southwest Airlines Co.",5,1,18,1,543,-8
"Delta Air Lines Inc.",6,5,31,4,632,22
"American Eagle Airlines Inc.",1,6,14,11,247,3
"American Eagle Airlines Inc.",2,7,9,-8,630,-35
"Southwest Airlines Co.",10,2,14,-2,646,-24
"Virgin America",8,5,13,-3,679,2
"Southwest Airlines Co.",1,6,29,9,829,15
"Southwest Airlines Co.",7,4,17,31,1521,23
"Skywest Airlines Inc.",2,4,18,-4,507,-5
"American Eagle Airlines Inc.",5,2,10,48,479,32
"Atlantic Southeast Airlines",1,2,9,-10,427,-16
"American Eagle Airlines Inc.",3,2,32,-8,431,-8
"Atlantic Southeast Airlines",3,4,32,12,160,28
"American Airlines Inc.",9,5,9,-6,631,-20
"Frontier Airlines Inc.",4,6,13,-6,1197,-2
"American Airlines Inc.",9,2,25,13,612,15
"Southwest Airlines Co.",11,1,8,1,763,-4
"Delta Air Lines Inc.",3,2,14,-2,907,-15
"Southwest Airlines Co.",8,2,11,26,853,24
"Atlantic Southeast Airlines",1,6,10,-4,491,-15
"American Airlines Inc.",7,7,9,-4,325,-9
"Southwest Airlines Co.",12,5,7,18,704,-3
"Southwest Airlines Co.",10,5,7,-3,441,11
"JetBlue Airways",6,1,12,-6,319,-9
"American Airlines Inc.",4,6,10,-5,1192,-20
"Skywest Airlines Inc.",6,3,15,1,473,3
"American Eagle Airlines Inc.",8,6,10,-2,859,-29
"American Airlines Inc.",3,1,9,-4,631,-15
"JetBlue Airways",9,3,12,19,1127,-6
"Southwest Airlines Co.",1,1,16,1,289,3
"American Eagle Airlines Inc.",3,1,39,-5,290,-3
"Delta Air Lines Inc.",6,4,25,33,954,49
"JetBlue Airways",10,5,11,-3,2475,-26
"Atlantic Southeast Airlines",5,6,14,-3,803,-15
"Southwest Airlines Co.",6,7,7,-6,869,-16
"United Air Lines Inc.",7,3,19,11,862,4
"Delta Air Lines Inc.",5,3,22,-2,731,-7
"Skywest Airlines Inc.",2,4,14,-10,763,-5
"Skywest Airlines Inc.",10,1,18,-7,626,-6
"American Eagle Airlines Inc.",7,4,13,-5,674,-7
"JetBlue Airways",8,6,19,34,1005,11
"Skywest Airlines Inc.",7,5,14,30,372,33
"American Airlines Inc.",5,4,9,10,646,5
"Southwest Airlines Co.",4,6,17,3,507,6
"Southwest Airlines Co.",7,1,8,3,670,-1
"Atlantic Southeast Airlines",12,4,13,-7,501,-8
"Atlantic Southeast Airlines",1,3,9,-7,164,-24
"Skywest Airlines Inc.",2,4,9,-8,160,-13
"Southwest Airlines Co.",4,2,12,2,1276,-5
"Southwest Airlines Co.",1,5,16,3,601,-7
"Southwest Airlines Co.",9,6,8,-2,407,8
"Delta Air Lines Inc.",8,4,11,-2,453,-14
"Atlantic Southeast Airlines",8,1,14,-6,404,-5
"United Air Lines Inc.",6,5,153,11,612,178
"Southwest Airlines Co.",5,2,8,4,480,6
"United Air Lines Inc.",11,5,14,-7,447,-23
"Delta Air Lines Inc.",6,2,16,-5,214,-8
"Southwest Airlines Co.",1,7,12,-5,895,-11
"Delta Air Lines Inc.",11,6,15,-1,1747,-17
"Virgin America",3,7,21,164,337,171
"American Airlines Inc.",8,5,19,19,1194,12
"Virgin America",10,1,21,-1,2586,-22
"JetBlue Airways",4,6,8,-9,965,-5
"JetBlue Airways",8,7,20,-1,200,-4
"US Airways Inc.",2,7,15,-1,808,3
"Alaska Airlines Inc.",4,3,19,-9,679,-6
"Delta Air Lines Inc.",2,3,14,-4,680,4
"Skywest Airlines Inc.",11,7,9,57,817,46
"Delta Air Lines Inc.",6,5,12,39,187,16
"Southwest Airlines Co.",2,4,7,26,948,23
"United Air Lines Inc.",5,7,160,-1,1242,133
"Delta Air Lines Inc.",11,3,10,11,546,3
"US Airways Inc.",3,2,15,-5,808,-13
"Skywest Airlines Inc.",7,3,23,-9,119,-2
"Southwest Airlines Co.",12,5,10,28,951,9
"American Airlines Inc.",7,7,11,-5,759,-13
"Southwest Airlines Co.",7,7,9,-3,1497,-16
"Southwest Airlines Co.",12,4,15,0,369,2
"Delta Air Lines Inc.",6,1,19,-3,584,-1
"Alaska Airlines Inc.",4,4,15,-2,867,-4
"Atlantic Southeast Airlines",6,3,10,33,292,38
"American Airlines Inc.",9,3,21,2,1171,-1
"Skywest Airlines Inc.",7,3,22,-4,844,7
"Southwest Airlines Co.",12,3,8,20,533,5
"Skywest Airlines Inc.",9,2,29,-5,109,-3
"Skywest Airlines Inc.",4,3,14,-7,627,-4
"Frontier Airlines Inc.",1,1,16,15,533,18
"American Airlines Inc.",1,7,9,-5,1012,-20
"Frontier Airlines Inc.",10,5,22,0,920,-8
"American Eagle Airlines Inc.",11,5,11,-6,812,-16
"United Air Lines Inc.",11,3,10,-12,1235,-50
"Southwest Airlines Co.",8,7,13,-6,283,0
"Skywest Airlines Inc.",8,4,18,137,334,132
"American Eagle Airlines Inc.",9,5,6,70,147,71
"Southwest Airlines Co.",8,7,13,-2,1670,0
"Southwest Airlines Co.",12,3,8,-5,307,-4
"Southwest Airlines Co.",7,2,6,5,404,-14
"Southwest Airlines Co.",7,4,7,-1,480,-14
"American Airlines Inc.",1,2,20,7,2174,-22
"Southwest Airlines Co.",6,1,9,2,1587,-16
"American Airlines Inc.",6,2,14,-8,550,-14
"Southwest Airlines Co.",3,7,10,10,649,2
"American Airlines Inc.",3,4,14,-13,769,-18
"American Airlines Inc.",7,1,13,0,1471,-1
"United Air Lines Inc.",6,1,20,3,337,2
"Alaska Airlines Inc.",7,4,12,-3,697,-8
"Skywest Airlines Inc.",11,5,17,-5,1242,-13
"Southwest Airlines Co.",9,1,16,0,850,-5
"Delta Air Lines Inc.",6,4,16,-6,689,-17
"Southwest Airlines Co.",2,7,10,86,912,75
"Atlantic Southeast Airlines",7,6,13,2,1201,-3
"Southwest Airlines Co.",3,7,10,1,691,-7
"United Air Lines Inc.",4,1,15,73,1874,55
"US Airways Inc.",3,3,11,-5,2402,-24
"Southwest Airlines Co.",2,7,6,-6,401,-16
"American Airlines Inc.",11,4,16,0,802,-4
"United Air Lines Inc.",1,5,19,-4,2556,-26
"American Eagle Airlines Inc.",3,2,14,20,137,28
"American Airlines Inc.",2,4,14,13,868,-4
"American Airlines Inc.",1,7,10,5,852,-11
"Southwest Airlines Co.",7,3,11,0,942,-1
"Southwest Airlines Co.",7,5,6,17,436,4
"Alaska Airlines Inc.",9,3,30,-4,2378,-2
"American Airlines Inc.",11,5,11,-3,761,-2
"American Eagle Airlines Inc.",9,2,26,0,240,7
"Spirit Air Lines",11,2,11,19,1723,-11
"Delta Air Lines Inc.",8,3,12,0,1589,-16
"United Air Lines Inc.",11,7,10,-4,1739,-43
"Atlantic Southeast Airlines",12,3,24,2,147,11
"American Airlines Inc.",11,2,16,-6,599,-34
"American Airlines Inc.",10,1,16,3,1979,-9
"Frontier Airlines Inc.",4,3,11,1,846,-5
"Delta Air Lines Inc.",3,6,20,9,1599,15
"Delta Air Lines Inc.",1,5,12,-4,1306,12
"Delta Air Lines Inc.",11,7,14,-1,447,-10
"Atlantic Southeast Airlines",9,7,13,-7,170,-14
"Frontier Airlines Inc.",1,3,15,-13,901,5
"Southwest Airlines Co.",11,1,10,0,1788,-6
"Southwest Airlines Co.",2,4,22,34,446,35
"Delta Air Lines Inc.",8,1,13,1,957,-15
"Atlantic Southeast Airlines",2,6,19,-2,1214,20
"Virgin America",5,7,16,22,447,17
"Delta Air Lines Inc.",10,6,13,-6,1254,-17
"American Airlines Inc.",7,4,13,22,599,3
"Delta Air Lines Inc.",10,6,17,3,577,-17
"United Air Lines Inc.",5,2,16,-1,967,-9
"American Eagle Airlines Inc.",1,5,15,41,323,31
"Frontier Airlines Inc.",1,3,15,21,641,20
"US Airways Inc.",4,5,31,-6,328,10
"Atlantic Southeast Airlines",6,7,20,0,569,-7
"Alaska Airlines Inc.",2,2,14,-4,1448,-32
"Delta Air Lines Inc.",10,5,17,-3,680,2
"American Airlines Inc.",10,4,14,-7,1017,-25
"United Air Lines Inc.",6,5,13,45,1491,27
"Southwest Airlines Co.",3,7,11,0,1797,-14
"American Eagle Airlines Inc.",7,3,16,-3,501,-15
"United Air Lines Inc.",5,5,21,24,1005,15
"United Air Lines Inc.",4,6,39,94,305,142
"Skywest Airlines Inc.",7,4,13,6,265,-5
"Virgin America",3,1,18,-5,414,-15
"Southwest Airlines Co.",9,3,24,-1,1444,-11
"Delta Air Lines Inc.",11,3,12,-1,594,-18
"American Eagle Airlines Inc.",6,6,13,73,328,85
"Delta Air Lines Inc.",6,2,16,3,692,2
"JetBlue Airways",7,1,32,10,200,17
"American Eagle Airlines Inc.",11,7,11,-10,158,-10
"United Air Lines Inc.",6,2,14,4,1726,5
"Atlantic Southeast Airlines",12,6,16,-8,284,-4
"Southwest Airlines Co.",6,1,10,0,404,1
"Southwest Airlines Co.",8,1,9,9,382,0
"Atlantic Southeast Airlines",4,4,10,-9,1008,-25
"JetBlue Airways",10,3,21,14,1010,-12
"Delta Air Lines Inc.",6,1,19,5,581,27
"Delta Air Lines Inc.",7,5,22,4,368,6
"Alaska Airlines Inc.",5,7,4,-13,399,-13
"Spirit Air Lines",11,7,11,-15,956,-18
"American Airlines Inc.",11,1,19,6,980,-5
"Delta Air Lines Inc.",3,5,13,0,907,-16
"Skywest Airlines Inc.",9,7,23,-4,235,-5
"American Airlines Inc.",7,6,18,-4,728,7
"Atlantic Southeast Airlines",9,7,18,-10,308,-14
"American Airlines Inc.",7,1,12,515,888,510
"Spirit Air Lines",7,5,14,-8,258,-9
"Delta Air Lines Inc.",4,2,21,-6,615,-14
"Delta Air Lines Inc.",8,2,53,21,184,66
"Delta Air Lines Inc.",8,4,16,-4,762,-19
"United Air Lines Inc.",9,2,17,-7,236,-11
"Delta Air Lines Inc.",8,4,19,0,762,-37
"American Eagle Airlines Inc.",6,4,29,-10,764,-18
"Southwest Airlines Co.",7,3,17,20,882,15
"Delta Air Lines Inc.",4,2,13,-4,1522,-15
"Atlantic Southeast Airlines",3,5,9,-7,175,-14
"Virgin America",10,5,13,-8,337,-9
"United Air Lines Inc.",7,5,21,61,646,59
"Delta Air Lines Inc.",3,4,12,16,581,-3
"Southwest Airlines Co.",12,7,8,25,937,11
"Delta Air Lines Inc.",4,1,13,-4,528,-12
"Delta Air Lines Inc.",2,2,12,3,692,-8
"Skywest Airlines Inc.",6,1,17,-11,222,-15
"Southwest Airlines Co.",12,4,21,-5,1698,-33
"Skywest Airlines Inc.",3,2,17,-7,363,-2
"Southwest Airlines Co.",3,7,10,97,446,87
"Skywest Airlines Inc.",12,6,19,-6,436,-14
"United Air Lines Inc.",3,6,15,-6,854,-15
"Delta Air Lines Inc.",9,4,14,-3,332,-2
"Delta Air Lines Inc.",12,3,11,13,1517,5
"Skywest Airlines Inc.",8,7,16,5,599,-7
"United Air Lines Inc.",9,5,16,-3,1846,-31
"Atlantic Southeast Airlines",4,2,15,-2,489,-8
"Delta Air Lines Inc.",1,7,16,4,2218,-10
"Skywest Airlines Inc.",5,3,18,-4,491,-2
"Delta Air Lines Inc.",10,3,11,-4,1541,-11
"American Airlines Inc.",9,7,12,58,1303,25
"United Air Lines Inc.",10,1,22,-3,1597,-21
"United Air Lines Inc.",1,1,13,12,455,15
"United Air Lines Inc.",12,3,15,6,1208,-29
"Skywest Airlines Inc.",5,5,20,-6,455,-15
"American Airlines Inc.",10,1,13,30,2611,8
"Delta Air Lines Inc.",2,4,45,1,577,15
"Skywest Airlines Inc.",9,1,19,4,166,9
"Southwest Airlines Co.",1,5,6,-1,1488,-40
"Alaska Airlines Inc.",11,1,18,-6,2603,-7
"Delta Air Lines Inc.",7,3,17,-1,270,4
"Hawaiian Airlines Inc.",7,6,13,15,163,17
"United Air Lines Inc.",8,3,15,-5,1825,-16
"Southwest Airlines Co.",6,1,8,-3,909,-10
"American Airlines Inc.",7,5,12,-4,985,-12
"Delta Air Lines Inc.",5,5,16,-5,481,-13
"United Air Lines Inc.",9,4,31,0,888,0
"Atlantic Southeast Airlines",4,7,11,-11,637,-25
"JetBlue Airways",4,3,19,-6,414,-12
"US Airways Inc.",4,1,12,-2,226,-17
"Southwest Airlines Co.",11,6,16,-5,345,-12
"Alaska Airlines Inc.",3,2,10,-3,679,-6
"Southwest Airlines Co.",9,2,11,4,1107,-7
"JetBlue Airways",12,3,24,-8,2588,7
"Southwest Airlines Co.",2,1,13,101,255,97
"American Airlines Inc.",9,1,35,2,650,19
"American Airlines Inc.",4,5,9,-9,569,2
"Hawaiian Airlines Inc.",9,2,7,1,201,1
"Atlantic Southeast Airlines",5,7,17,51,295,49
"United Air Lines Inc.",2,2,16,5,888,57
"Delta Air Lines Inc.",5,6,8,10,2139,-17
"Skywest Airlines Inc.",1,3,28,52,73,67
"Atlantic Southeast Airlines",1,7,25,6,926,17
"Delta Air Lines Inc.",6,6,14,1,554,-8
"Skywest Airlines Inc.",8,4,20,-4,1519,-28
"Southwest Airlines Co.",2,2,16,-1,349,-9
"American Airlines Inc.",2,4,11,-4,1171,-23
"Skywest Airlines Inc.",8,4,33,-7,651,16
"US Airways Inc.",6,7,22,-6,449,-11
"United Air Lines Inc.",6,3,13,-3,2227,-14
"American Eagle Airlines Inc.",6,1,8,-1,622,21
"Skywest Airlines Inc.",5,1,19,-4,802,7
"United Air Lines Inc.",2,2,22,9,746,10
"Southwest Airlines Co.",7,2,11,20,680,9
"United Air Lines Inc.",9,6,16,-8,1874,-16
"American Eagle Airlines Inc.",2,3,20,-9,130,-9
"American Airlines Inc.",11,1,39,35,1460,54
"Southwest Airlines Co.",9,4,9,15,283,12
"Southwest Airlines Co.",3,5,12,3,551,2
"Atlantic Southeast Airlines",2,3,16,-3,657,-11
"Skywest Airlines Inc.",10,2,15,-3,678,-14
"American Airlines Inc.",2,1,13,-2,1067,-16
"Delta Air Lines Inc.",4,7,14,-3,590,6
"Alaska Airlines Inc.",7,2,13,22,679,16
"American Airlines Inc.",6,7,17,4,247,-9
"Skywest Airlines Inc.",7,5,13,11,601,8
"Southwest Airlines Co.",6,7,8,44,307,34
"Southwest Airlines Co.",4,2,8,1,696,-6
"Southwest Airlines Co.",8,1,13,11,1024,0
"Skywest Airlines Inc.",9,1,12,0,562,-16
"American Airlines Inc.",11,1,14,-9,304,-15
"Skywest Airlines Inc.",11,4,12,-13,667,-19
"Southwest Airlines Co.",1,6,23,37,436,58
"Skywest Airlines Inc.",7,1,16,4,886,2
"Southwest Airlines Co.",8,4,7,-4,849,-11
"American Airlines Inc.",1,4,14,-7,1242,-17
"Atlantic Southeast Airlines",3,2,20,38,416,39
"Hawaiian Airlines Inc.",12,6,13,17,2640,-6
"Delta Air Lines Inc.",10,6,13,-4,1979,-7
"American Airlines Inc.",7,4,18,3,1258,-8
"Skywest Airlines Inc.",6,1,15,0,913,-2
"Southwest Airlines Co.",11,5,7,0,1047,-19
"American Airlines Inc.",2,6,15,36,867,33
"Skywest Airlines Inc.",10,6,12,-7,67,-21
"Southwest Airlines Co.",7,2,7,-2,484,13
"United Air Lines Inc.",8,7,9,3,888,-12
"American Airlines Inc.",4,7,9,100,985,71
"Atlantic Southeast Airlines",2,1,24,-4,457,5
"Delta Air Lines Inc.",12,7,12,-5,547,-11
"Skywest Airlines Inc.",1,7,12,-12,784,-6
"American Eagle Airlines Inc.",6,3,45,18,764,30
"Atlantic Southeast Airlines",2,4,22,-5,528,-3
"Delta Air Lines Inc.",10,4,15,-7,106,-6
"Southwest Airlines Co.",1,3,8,-8,484,-11
"JetBlue Airways",12,4,27,-1,937,-13
"American Airlines Inc.",9,5,10,8,1107,-12
"Southwest Airlines Co.",9,3,9,69,912,49
"United Air Lines Inc.",9,2,11,0,937,-5
"Southwest Airlines Co.",7,1,8,-4,272,-10
"JetBlue Airways",2,7,10,64,1076,66
"Southwest Airlines Co.",5,5,8,58,337,67
"Southwest Airlines Co.",9,7,10,-5,1546,-18
"Atlantic Southeast Airlines",1,2,35,-6,349,5
"US Airways Inc.",1,1,33,-1,644,5
"Skywest Airlines Inc.",12,4,23,-8,192,-9
"United Air Lines Inc.",10,2,18,1,719,10
"Atlantic Southeast Airlines",6,1,20,-6,458,0
"American Airlines Inc.",11,6,14,3,468,-2
"Southwest Airlines Co.",6,4,14,10,307,14
"Alaska Airlines Inc.",10,1,21,-5,2537,-14
"American Eagle Airlines Inc.",3,3,9,-4,299,-35
"Southwest Airlines Co.",4,1,7,-2,1751,-26
"American Airlines Inc.",1,3,11,-4,612,-11
"Atlantic Southeast Airlines",12,3,43,0,399,28
"Delta Air Lines Inc.",1,3,13,0,594,1
"Southwest Airlines Co.",6,3,8,4,894,5
"Delta Air Lines Inc.",7,6,11,-6,205,-13
"United Air Lines Inc.",1,5,9,16,2007,5
"US Airways Inc.",5,7,17,-7,2402,-5
"Delta Air Lines Inc.",1,3,21,1,1089,12
"JetBlue Airways",9,1,23,-13,2072,-8
"United Air Lines Inc.",4,5,14,30,733,11
"Southwest Airlines Co.",3,3,30,3,846,3
"Southwest Airlines Co.",3,5,8,2,883,-8
"United Air Lines Inc.",5,3,9,34,403,17
"American Airlines Inc.",1,5,13,27,190,20
"Skywest Airlines Inc.",9,5,33,-4,1464,-10
"Skywest Airlines Inc.",12,4,8,-4,264,-23
"American Airlines Inc.",12,5,16,-5,449,-8
"Skywest Airlines Inc.",3,5,18,-5,359,-5
"Alaska Airlines Inc.",1,6,23,-6,1709,-2
"Delta Air Lines Inc.",8,4,19,-7,235,-14
"Delta Air Lines Inc.",7,3,15,10,584,9
"American Eagle Airlines Inc.",7,2,19,-3,473,-11
"Southwest Airlines Co.",7,1,7,23,390,18
"American Airlines Inc.",9,4,12,-4,541,-14
"Skywest Airlines Inc.",5,4,15,-5,387,-6
"United Air Lines Inc.",5,2,15,98,719,79
"Atlantic Southeast Airlines",4,3,20,-6,557,-7
"Delta Air Lines Inc.",6,4,22,7,944,-12
"Delta Air Lines Inc.",4,2,12,16,680,0
"American Eagle Airlines Inc.",7,1,8,6,691,-11
"Skywest Airlines Inc.",4,3,11,-3,1269,-2
"American Airlines Inc.",4,2,9,42,1464,17
"JetBlue Airways",7,4,32,-3,2475,21
"United Air Lines Inc.",9,1,20,-2,854,-15
"Southwest Airlines Co.",5,3,10,7,861,-5
"American Airlines Inc.",6,7,16,58,550,55
"Atlantic Southeast Airlines",11,1,10,53,427,49
"Hawaiian Airlines Inc.",7,6,13,-10,100,-7
"Southwest Airlines Co.",9,4,14,-2,187,-5
"American Eagle Airlines Inc.",2,3,15,-5,773,-20
"Alaska Airlines Inc.",8,3,21,-5,834,-13
"Delta Air Lines Inc.",10,4,10,-6,503,-27
"Delta Air Lines Inc.",7,6,14,-6,250,-5
"Southwest Airlines Co.",4,3,15,-1,862,-1
"Skywest Airlines Inc.",1,5,9,-2,438,-20
"American Airlines Inc.",8,6,12,-6,802,-40
"Delta Air Lines Inc.",1,5,23,-4,813,-5
"Atlantic Southeast Airlines",9,1,14,-6,153,-17
"Hawaiian Airlines Inc.",2,5,14,8,100,24
"Southwest Airlines Co.",2,6,10,4,356,-5
"US Airways Inc.",2,1,12,-3,631,-18
"American Airlines Inc.",11,2,21,91,430,105
"United Air Lines Inc.",4,5,18,89,997,76
"Skywest Airlines Inc.",2,2,20,-1,329,5
"American Airlines Inc.",4,2,15,27,1085,12
"Atlantic Southeast Airlines",11,6,11,-2,448,-5
"Delta Air Lines Inc.",11,3,18,1,240,-2
"American Eagle Airlines Inc.",11,5,28,-5,835,11
"JetBlue Airways",8,2,13,53,1542,35
"Skywest Airlines Inc.",10,1,17,-2,409,-6
"American Eagle Airlines Inc.",7,5,12,-5,738,-17
"Delta Air Lines Inc.",4,1,30,-5,120,16
"Atlantic Southeast Airlines",1,6,11,-5,1015,-19
"American Airlines Inc.",1,4,23,39,1121,26
"American Airlines Inc.",8,1,26,-4,1197,-8
"Southwest Airlines Co.",4,3,14,-2,447,-3
"Southwest Airlines Co.",7,5,7,-3,239,-4
"American Eagle Airlines Inc.",6,3,9,-4,549,-15
"United Air Lines Inc.",10,3,14,-5,1605,-23
"Frontier Airlines Inc.",5,1,15,38,1514,31
"Delta Air Lines Inc.",5,3,16,-6,1426,0
"US Airways Inc.",2,7,16,0,1107,-20
"American Airlines Inc.",8,4,11,-6,204,-14
"Atlantic Southeast Airlines",4,4,19,-1,371,-5
"Skywest Airlines Inc.",11,5,11,0,792,-4
"Delta Air Lines Inc.",3,7,18,9,1035,-16
"United Air Lines Inc.",10,2,17,22,2306,-9
"Atlantic Southeast Airlines",4,4,11,-7,448,-10
"JetBlue Airways",12,1,8,-7,1368,-26
"Southwest Airlines Co.",4,5,9,-1,237,-6
"Southwest Airlines Co.",10,7,15,10,793,5
"Delta Air Lines Inc.",9,3,7,11,516,-5
"American Airlines Inc.",3,4,10,10,978,12
"US Airways Inc.",5,4,17,-4,599,-20
"Southwest Airlines Co.",1,1,11,-6,515,-21
"Delta Air Lines Inc.",5,3,19,-6,588,-23
"American Airlines Inc.",10,2,32,-5,644,4
"Frontier Airlines Inc.",3,4,27,-1,602,13
"Skywest Airlines Inc.",5,1,17,-1,235,-8
"Hawaiian Airlines Inc.",3,4,8,-8,216,-9
"Atlantic Southeast Airlines",7,7,26,14,780,18
"Delta Air Lines Inc.",2,2,40,36,184,51
"Atlantic Southeast Airlines",8,2,10,1,489,-4
"American Airlines Inc.",1,1,21,-5,2556,-16
"Frontier Airlines Inc.",11,1,23,-4,1514,-15
"Skywest Airlines Inc.",6,4,13,6,462,1
"Skywest Airlines Inc.",2,1,43,-4,150,34
"Alaska Airlines Inc.",6,4,21,-2,2701,8
"United Air Lines Inc.",7,3,11,26,1009,27
"Southwest Airlines Co.",11,4,15,0,721,-3
"Delta Air Lines Inc.",10,2,9,-6,386,-20
"Atlantic Southeast Airlines",10,5,10,-5,287,-27
"Southwest Airlines Co.",3,7,10,-3,372,8
"United Air Lines Inc.",8,1,16,19,925,-1
"Alaska Airlines Inc.",1,4,7,34,2631,3
"United Air Lines Inc.",3,4,16,-8,783,-13
"JetBlue Airways",1,3,14,-1,846,4
"American Airlines Inc.",3,5,11,-16,678,-27
"Delta Air Lines Inc.",6,2,16,-2,2139,-25
"Delta Air Lines Inc.",8,1,14,12,957,6
"American Airlines Inc.",10,5,12,-2,606,-14
"JetBlue Airways",8,4,19,75,2704,66
"American Eagle Airlines Inc.",6,1,11,32,693,28
"Skywest Airlines Inc.",9,7,15,-12,576,-16
"American Eagle Airlines Inc.",8,3,11,62,354,66
"Skywest Airlines Inc.",7,5,31,-4,342,-2
"Delta Air Lines Inc.",7,5,16,-2,2139,-25
"Southwest Airlines Co.",8,3,23,19,640,3
"US Airways Inc.",4,1,14,-2,868,-13
"Southwest Airlines Co.",6,3,8,-4,570,-12
"Skywest Airlines Inc.",2,5,13,-13,261,0
"Atlantic Southeast Airlines",1,4,14,-2,541,-11
"Skywest Airlines Inc.",6,4,36,71,67,72
"United Air Lines Inc.",5,4,9,0,2007,2
"Hawaiian Airlines Inc.",1,7,6,-7,102,-1
"Southwest Airlines Co.",6,5,7,-4,697,-13
"Southwest Airlines Co.",12,7,8,-3,562,-23
"US Airways Inc.",4,6,16,23,2176,-12
"Skywest Airlines Inc.",4,3,24,51,567,36
"Skywest Airlines Inc.",5,6,16,10,266,6
"United Air Lines Inc.",2,6,13,-4,1514,-40
"American Eagle Airlines Inc.",4,3,13,-5,157,-3
"Southwest Airlines Co.",3,2,6,11,602,-3
"Skywest Airlines Inc.",3,3,8,-3,119,-27
"American Eagle Airlines Inc.",12,3,25,-6,135,2
"Atlantic Southeast Airlines",12,1,25,14,645,4
"Frontier Airlines Inc.",3,1,13,-4,1014,-6
"Southwest Airlines Co.",1,1,10,-3,342,-15
"Delta Air Lines Inc.",9,3,17,0,666,-14
"Atlantic Southeast Airlines",3,7,10,-8,1034,-35
"Delta Air Lines Inc.",11,1,14,12,370,6
"United Air Lines Inc.",12,5,19,-8,2704,-32
"Southwest Airlines Co.",6,3,6,-5,283,-7
"Delta Air Lines Inc.",3,3,22,7,1080,1
"Southwest Airlines Co.",11,7,20,22,1436,20
"Southwest Airlines Co.",2,4,9,-2,496,-3
"Atlantic Southeast Airlines",9,2,22,-2,212,-4
"Delta Air Lines Inc.",8,5,16,-6,503,-9
"American Airlines Inc.",6,5,15,-2,460,-8
"Delta Air Lines Inc.",7,6,11,-4,484,-1
"Southwest Airlines Co.",7,7,10,-4,775,-7
"Delta Air Lines Inc.",8,4,13,6,1399,6
"Southwest Airlines Co.",12,6,15,14,495,9
"Southwest Airlines Co.",12,4,15,1,806,2
"American Airlines Inc.",3,4,22,-2,2475,-5
"Delta Air Lines Inc.",9,1,20,-2,151,-1
"Southwest Airlines Co.",8,2,9,1,1491,-11
"Atlantic Southeast Airlines",9,2,7,-6,500,2
"Atlantic Southeast Airlines",8,7,71,27,985,73
"Atlantic Southeast Airlines",9,6,18,-3,588,-14
"Delta Air Lines Inc.",5,6,12,-5,1310,-14
"Alaska Airlines Inc.",12,2,11,25,569,39
"Southwest Airlines Co.",1,6,13,45,895,33
"Delta Air Lines Inc.",7,6,13,-8,321,-15
"Southwest Airlines Co.",10,5,10,-2,669,-14
"Southwest Airlines Co.",12,1,9,19,853,-1
"Southwest Airlines Co.",3,6,12,2,1334,-4
"JetBlue Airways",7,5,11,-2,1666,-8
"American Airlines Inc.",3,7,24,1,1235,-1
"Delta Air Lines Inc.",7,3,13,-2,577,-24
"Southwest Airlines Co.",5,4,9,5,277,0
"American Eagle Airlines Inc.",10,1,27,-8,272,-26
"American Airlines Inc.",10,6,16,-1,1235,-20
"American Eagle Airlines Inc.",8,5,31,-5,812,1
"United Air Lines Inc.",3,6,14,-7,862,-23
"Delta Air Lines Inc.",10,3,22,-5,590,13
"Delta Air Lines Inc.",7,6,13,19,1069,10
"Skywest Airlines Inc.",1,1,11,-10,130,-5
"Delta Air Lines Inc.",3,7,23,-6,1572,-29
"Spirit Air Lines",3,1,11,-5,753,-11
"Southwest Airlines Co.",12,3,8,-3,777,-20
"Alaska Airlines Inc.",2,3,12,7,697,9
"Alaska Airlines Inc.",2,2,11,1,679,-15
"Delta Air Lines Inc.",2,4,26,5,952,-2
"American Eagle Airlines Inc.",1,5,19,-4,402,-4
"Atlantic Southeast Airlines",12,7,17,-8,331,-4
"Skywest Airlines Inc.",5,3,16,-7,391,-6
"US Airways Inc.",6,2,10,-7,651,-9
"US Airways Inc.",6,2,15,0,255,-10
"American Airlines Inc.",1,6,18,3,469,-2
"Delta Air Lines Inc.",12,1,14,20,1306,12
"American Airlines Inc.",3,2,13,106,631,87
"Southwest Airlines Co.",12,7,9,23,937,7
"Southwest Airlines Co.",8,6,27,242,882,258
"JetBlue Airways",7,2,10,49,395,50
"Southwest Airlines Co.",5,6,12,-3,1066,-2
"Atlantic Southeast Airlines",8,2,13,-2,376,-9
"Southwest Airlines Co.",2,3,7,-2,479,-6
"Southwest Airlines Co.",3,6,15,45,1546,31
"Skywest Airlines Inc.",11,5,30,-2,1117,-2
"Alaska Airlines Inc.",6,5,15,-6,679,-9
"United Air Lines Inc.",5,5,17,68,678,58
"Spirit Air Lines",4,1,11,32,1303,3
"Southwest Airlines Co.",7,5,10,16,189,10
"United Air Lines Inc.",11,2,11,-3,2288,-20
"Atlantic Southeast Airlines",3,3,11,-3,302,-13
"Southwest Airlines Co.",12,5,8,-5,912,-5
"Alaska Airlines Inc.",9,7,12,-7,978,-16
"Delta Air Lines Inc.",12,5,9,2,448,5
"Skywest Airlines Inc.",10,7,28,8,174,14
"Southwest Airlines Co.",1,7,9,-5,907,-30
"Southwest Airlines Co.",9,7,12,7,1189,-9
"American Eagle Airlines Inc.",8,2,16,-2,413,-21
"Southwest Airlines Co.",1,4,7,3,417,-2
"Atlantic Southeast Airlines",9,3,33,-4,651,-4
"Skywest Airlines Inc.",3,5,22,-7,620,-16
"Skywest Airlines Inc.",9,4,8,183,67,170
"American Airlines Inc.",10,4,15,-4,130,-10
"American Airlines Inc.",5,5,18,-11,190,-19
"US Airways Inc.",4,2,11,-10,1020,-12
"Delta Air Lines Inc.",2,2,11,14,1123,-2
"Spirit Air Lines",7,5,12,204,1171,197
"Atlantic Southeast Airlines",8,4,22,113,106,111
"JetBlue Airways",10,2,16,-2,541,-16
"Skywest Airlines Inc.",1,3,15,-9,308,-8
"Delta Air Lines Inc.",2,2,21,5,1076,-19
"Delta Air Lines Inc.",7,3,32,18,2556,49
"Skywest Airlines Inc.",10,2,17,-5,403,-9
"Atlantic Southeast Airlines",2,1,14,10,253,11
"Delta Air Lines Inc.",3,5,14,57,321,50
"Skywest Airlines Inc.",11,6,44,-5,236,9
"American Airlines Inc.",7,2,17,48,334,49
"Southwest Airlines Co.",8,3,8,16,1020,9
"Alaska Airlines Inc.",2,7,10,-7,2457,2
"JetBlue Airways",6,2,12,93,1129,84
"American Airlines Inc.",7,2,15,5,1235,-10
"Spirit Air Lines",12,1,12,-5,236,-15
"Delta Air Lines Inc.",4,1,15,-3,143,5
"American Eagle Airlines Inc.",2,2,24,-3,334,8
"Skywest Airlines Inc.",3,7,10,0,909,-6
"American Airlines Inc.",4,4,12,191,2267,174
"US Airways Inc.",1,7,12,16,651,18
"Southwest Airlines Co.",9,3,8,1,646,-13
"Atlantic Southeast Airlines",3,3,13,-7,643,8
"American Airlines Inc.",10,1,19,-2,1744,-13
"American Airlines Inc.",12,3,26,-9,1488,5
"Skywest Airlines Inc.",1,4,31,6,845,20
"Delta Air Lines Inc.",10,5,16,-1,1979,-14
"Frontier Airlines Inc.",7,5,15,-5,589,-16
"United Air Lines Inc.",1,7,13,0,811,-9
"Delta Air Lines Inc.",3,4,22,-4,432,-13
"Skywest Airlines Inc.",8,5,9,-14,525,-17
"Delta Air Lines Inc.",6,6,15,0,872,2
"United Air Lines Inc.",2,6,18,3,1009,-15
"American Airlines Inc.",9,4,16,-8,921,-2
"United Air Lines Inc.",3,5,25,0,414,16
"Southwest Airlines Co.",10,1,9,-5,1756,-20
"JetBlue Airways",1,2,21,0,1211,-7
"Southwest Airlines Co.",7,1,8,2,248,0
"Southwest Airlines Co.",4,4,13,0,770,-4
"United Air Lines Inc.",3,5,21,-2,1635,17
"United Air Lines Inc.",3,1,16,-2,854,-5
"Delta Air Lines Inc.",5,3,20,60,599,58
"Delta Air Lines Inc.",11,6,16,-2,192,-12
"Southwest Airlines Co.",12,5,17,-1,689,-12
"Alaska Airlines Inc.",5,1,16,-6,679,-5
"Atlantic Southeast Airlines",10,1,12,-1,374,-8
"Delta Air Lines Inc.",12,3,38,23,1269,34
"United Air Lines Inc.",5,1,14,4,1620,20
"Delta Air Lines Inc.",5,3,18,-5,926,0
"United Air Lines Inc.",12,5,16,0,4962,-34
"Southwest Airlines Co.",9,2,9,0,1180,-32
"United Air Lines Inc.",9,2,17,83,550,61
"Southwest Airlines Co.",2,1,7,6,1444,5
"Southwest Airlines Co.",11,3,12,0,1381,-2
"Spirit Air Lines",6,6,18,38,1119,46
"Alaska Airlines Inc.",6,7,13,-3,2149,-8
"Skywest Airlines Inc.",3,2,22,12,86,15
"American Eagle Airlines Inc.",4,1,21,-7,413,-17
"American Airlines Inc.",8,4,17,12,1258,5
"Delta Air Lines Inc.",6,5,116,-3,301,76
"Delta Air Lines Inc.",1,7,16,-4,606,-3
"Delta Air Lines Inc.",8,2,21,-12,1075,-17
"US Airways Inc.",4,5,16,-9,2176,-28
"Southwest Airlines Co.",10,3,6,-2,895,-14
"Atlantic Southeast Airlines",5,5,7,-4,323,-13
"Southwest Airlines Co.",12,2,7,-2,1363,0
"Delta Air Lines Inc.",3,2,13,0,528,0
"JetBlue Airways",2,4,12,8,944,-1
"Skywest Airlines Inc.",11,6,11,109,383,93
"Southwest Airlines Co.",7,4,8,-4,528,-7
"Spirit Air Lines",9,4,10,-4,868,-3
"United Air Lines Inc.",7,3,24,-5,2704,-21
"Delta Air Lines Inc.",6,5,17,0,270,-8
"United Air Lines Inc.",10,3,19,-1,550,-4
"American Eagle Airlines Inc.",8,4,25,37,213,41
"Southwest Airlines Co.",10,3,9,1,248,2
"American Airlines Inc.",12,5,17,-2,541,1
"American Eagle Airlines Inc.",4,5,17,9,272,22
"Delta Air Lines Inc.",6,3,17,-1,689,-3
"JetBlue Airways",4,7,13,15,413,6
"Spirit Air Lines",4,5,15,-4,628,6
"American Airlines Inc.",2,2,13,48,1514,47
"American Airlines Inc.",1,4,23,-3,1623,-30
"Delta Air Lines Inc.",10,5,9,3,1199,-11
"Southwest Airlines Co.",9,3,9,12,806,-7
"Southwest Airlines Co.",11,3,9,-2,390,-7
"Delta Air Lines Inc.",6,1,16,-1,606,-19
"Delta Air Lines Inc.",8,2,16,-4,606,-15
"Southwest Airlines Co.",7,3,17,0,849,17
"American Airlines Inc.",5,2,16,31,1438,32
"Skywest Airlines Inc.",12,4,21,24,1337,13
"Atlantic Southeast Airlines",10,3,15,-4,563,-7
"United Air Lines Inc.",6,2,23,13,1303,16
"American Airlines Inc.",4,3,18,-2,247,-12
"American Airlines Inc.",4,3,13,-10,550,10
"American Eagle Airlines Inc.",5,2,17,-1,413,-25
"American Airlines Inc.",5,7,18,-5,964,-19
"American Eagle Airlines Inc.",8,7,5,-5,164,-13
"Skywest Airlines Inc.",10,3,15,8,359,-1
"Delta Air Lines Inc.",1,6,18,-8,1096,-16
"American Eagle Airlines Inc.",4,1,12,27,351,25
"Delta Air Lines Inc.",5,5,12,-2,1069,-17
"Delta Air Lines Inc.",11,7,16,-7,448,-16
"American Eagle Airlines Inc.",5,5,24,-3,597,18
"JetBlue Airways",12,5,14,-7,892,-10
"Atlantic Southeast Airlines",3,1,35,-12,266,8
"United Air Lines Inc.",9,2,20,-2,414,-4
"Southwest Airlines Co.",11,5,12,-3,672,-3
"Southwest Airlines Co.",2,1,11,11,223,7
"Southwest Airlines Co.",3,7,7,135,888,132
"United Air Lines Inc.",1,5,18,-1,2398,28
"Hawaiian Airlines Inc.",9,7,17,-7,2398,-7
"American Airlines Inc.",6,1,19,-1,646,-5
"Southwest Airlines Co.",1,6,7,20,369,10
"Atlantic Southeast Airlines",10,4,30,-4,633,-2
"Southwest Airlines Co.",4,3,8,-3,417,-13
"Delta Air Lines Inc.",6,2,17,14,1931,2
"Southwest Airlines Co.",2,5,18,-5,436,2
"Skywest Airlines Inc.",10,1,11,-5,781,-5
"Alaska Airlines Inc.",12,3,15,-6,605,-3
"United Air Lines Inc.",5,3,11,-7,1546,-23
"American Eagle Airlines Inc.",7,4,60,11,431,85
"Frontier Airlines Inc.",1,5,10,40,853,39
"Delta Air Lines Inc.",1,2,12,108,907,109
"Atlantic Southeast Airlines",1,7,9,-5,489,-34
"Skywest Airlines Inc.",12,4,10,-9,240,-14
"Southwest Airlines Co.",7,1,21,0,2182,-1
"United Air Lines Inc.",7,3,21,2,1874,4
"Atlantic Southeast Airlines",8,3,29,6,317,7
"American Eagle Airlines Inc.",6,1,31,42,215,61
"American Airlines Inc.",8,5,53,24,2176,68
"Skywest Airlines Inc.",9,4,14,-7,748,-14
"Hawaiian Airlines Inc.",3,2,5,-6,201,-2
"Delta Air Lines Inc.",7,7,14,-5,481,-20
"Delta Air Lines Inc.",4,6,14,-6,1979,-15
"Atlantic Southeast Airlines",4,1,10,30,192,23
"Delta Air Lines Inc.",5,6,13,0,632,-21
"Southwest Airlines Co.",1,7,18,-9,1218,-35
"United Air Lines Inc.",9,2,17,-7,447,-11
"Spirit Air Lines",3,2,28,1,1046,8
"Southwest Airlines Co.",8,5,13,-5,999,-16
"Delta Air Lines Inc.",8,1,21,-4,1145,-14
"American Airlines Inc.",8,7,14,65,1723,51
"Southwest Airlines Co.",5,3,9,-2,616,-9
"Delta Air Lines Inc.",10,2,14,-3,502,-31
"Skywest Airlines Inc.",12,1,21,-1,954,13
"JetBlue Airways",5,3,11,8,2576,-23
"United Air Lines Inc.",12,5,11,-2,862,-15
"American Airlines Inc.",8,5,15,5,1460,8
"Atlantic Southeast Airlines",6,1,17,14,227,8
"Skywest Airlines Inc.",4,1,10,-10,282,-24
"American Airlines Inc.",10,2,19,-12,175,-4
"JetBlue Airways",8,4,14,21,1197,30
"Skywest Airlines Inc.",5,5,16,-6,601,-14
"American Airlines Inc.",7,3,12,-5,604,-16
"Southwest Airlines Co.",11,3,7,-4,471,-12
"Delta Air Lines Inc.",9,1,13,-6,1282,-12
"Southwest Airlines Co.",10,6,8,-2,793,-21
"Atlantic Southeast Airlines",6,1,38,4,272,27
"Atlantic Southeast Airlines",7,5,12,-5,377,-12
"American Airlines Inc.",5,1,14,-3,1192,-6
"Southwest Airlines Co.",12,2,40,-3,391,15
"American Airlines Inc.",11,7,16,-3,1276,-17
"Southwest Airlines Co.",7,3,10,15,1703,10
"Skywest Airlines Inc.",8,2,12,7,423,11
"JetBlue Airways",11,2,16,-5,867,-29
"Atlantic Southeast Airlines",4,5,35,0,475,16
"Delta Air Lines Inc.",3,6,17,-2,368,-2
"Atlantic Southeast Airlines",6,4,13,-9,429,-8
"Southwest Airlines Co.",1,1,23,-6,711,-1
"American Airlines Inc.",7,7,24,-6,255,16
"American Airlines Inc.",8,7,17,-7,2402,-42
"Southwest Airlines Co.",1,5,16,-4,763,-5
"Atlantic Southeast Airlines",2,3,21,7,76,4
"Delta Air Lines Inc.",8,3,11,-2,1149,-2
"Skywest Airlines Inc.",11,3,12,-9,562,-7
"Skywest Airlines Inc.",10,4,25,-3,1250,-6
"American Eagle Airlines Inc.",2,4,10,-10,500,-16
"Southwest Airlines Co.",1,7,17,35,591,29
"American Airlines Inc.",12,6,12,-3,867,-17
"Atlantic Southeast Airlines",1,7,12,-2,302,-8
"United Air Lines Inc.",4,1,31,-8,414,-1
"Delta Air Lines Inc.",12,2,29,0,907,-3
"Delta Air Lines Inc.",8,7,13,-3,1851,-8
"Southwest Airlines Co.",9,2,14,-1,333,-2
"Frontier Airlines Inc.",2,2,16,-6,1546,-2
"Southwest Airlines Co.",12,6,13,-4,1999,-24
"Skywest Airlines Inc.",6,1,14,21,372,7
"Delta Air Lines Inc.",9,3,23,-2,515,0
"Atlantic Southeast Airlines",10,6,16,61,748,56
"Delta Air Lines Inc.",12,6,15,-3,931,-22
"Delta Air Lines Inc.",2,5,8,-3,696,-13
"Atlantic Southeast Airlines",6,5,23,-3,489,6
"Delta Air Lines Inc.",8,2,21,-6,534,-8
"Southwest Airlines Co.",4,3,7,-3,148,-12
"Atlantic Southeast Airlines",9,3,18,-9,460,-14
"Delta Air Lines Inc.",1,7,77,7,1927,36
"American Airlines Inc.",12,7,13,-3,868,-14
"American Eagle Airlines Inc.",10,4,12,-7,413,-10
"Alaska Airlines Inc.",1,5,11,12,679,10
"Alaska Airlines Inc.",3,7,21,-12,1024,-20
"United Air Lines Inc.",12,3,18,-2,337,-9
"Southwest Airlines Co.",11,2,6,-13,1050,-42
"Skywest Airlines Inc.",5,5,16,4,627,-3
"American Airlines Inc.",10,6,22,-1,728,9
"Southwest Airlines Co.",12,6,8,0,775,-23
"Delta Air Lines Inc.",8,1,11,-6,447,-19
"Virgin America",12,4,9,-7,2475,-30
"American Airlines Inc.",12,2,12,-6,449,-33
"American Airlines Inc.",2,3,12,-7,646,-13
"American Airlines Inc.",11,1,13,-3,468,-8
"Atlantic Southeast Airlines",7,1,17,-3,529,-12
"Southwest Airlines Co.",1,5,23,-2,846,14
"American Airlines Inc.",3,2,20,-4,2611,1
"American Airlines Inc.",11,7,12,-1,1171,-18
"Southwest Airlines Co.",3,3,10,14,1199,16
"American Airlines Inc.",7,3,13,-6,1430,-22
"American Airlines Inc.",7,3,14,-1,719,-9
"Skywest Airlines Inc.",4,7,13,-11,77,-17
"Delta Air Lines Inc.",6,3,12,-3,589,-9
"Southwest Airlines Co.",8,6,8,19,373,12
"American Airlines Inc.",4,1,15,-5,1089,-22
"Southwest Airlines Co.",9,6,12,12,1449,15
"American Airlines Inc.",10,1,21,0,569,0
"American Airlines Inc.",5,1,16,224,1055,217
"JetBlue Airways",8,6,15,-5,2586,-11
"Southwest Airlines Co.",10,1,6,2,647,-5
"Delta Air Lines Inc.",9,3,16,0,1124,-9
"United Air Lines Inc.",8,6,13,-1,867,-4
"US Airways Inc.",1,4,19,-7,1009,3
"American Airlines Inc.",10,2,14,-9,929,-6
"American Airlines Inc.",12,3,13,0,912,-12
"Southwest Airlines Co.",12,5,16,-4,448,-2
"Southwest Airlines Co.",12,2,10,0,972,-5
"Delta Air Lines Inc.",8,2,12,-2,765,6
"United Air Lines Inc.",7,6,23,60,1514,79
"Delta Air Lines Inc.",12,4,15,-4,1532,-8
"Southwest Airlines Co.",1,2,36,65,323,81
"Delta Air Lines Inc.",7,5,16,-3,270,-8
"Southwest Airlines Co.",8,7,9,-1,377,-12
"Delta Air Lines Inc.",5,3,18,-8,731,-18
"Delta Air Lines Inc.",3,7,12,0,481,-16
"JetBlue Airways",9,7,17,0,2173,8
"United Air Lines Inc.",12,4,16,6,1065,-8
"Delta Air Lines Inc.",11,3,15,28,1276,31
"United Air Lines Inc.",11,2,24,11,594,17
"Delta Air Lines Inc.",12,3,17,0,447,9
"American Airlines Inc.",11,2,13,-5,599,-30
"Atlantic Southeast Airlines",7,1,12,11,190,13
"Delta Air Lines Inc.",4,1,12,2,700,-15
"American Eagle Airlines Inc.",9,5,14,22,461,7
"Alaska Airlines Inc.",5,7,13,-4,987,-10
"Southwest Airlines Co.",5,1,9,-3,1072,-5
"Southwest Airlines Co.",1,3,9,65,255,64
"Atlantic Southeast Airlines",2,5,36,-1,637,22
"US Airways Inc.",2,6,20,11,1671,-11
"Atlantic Southeast Airlines",5,1,8,-5,363,-15
"Delta Air Lines Inc.",11,4,14,0,306,0
"JetBlue Airways",11,7,10,14,632,-5
"United Air Lines Inc.",11,6,14,77,1346,63
"United Air Lines Inc.",1,5,15,12,1721,3
"Delta Air Lines Inc.",6,6,13,-6,1121,0
"Atlantic Southeast Airlines",6,4,12,127,140,113
"American Eagle Airlines Inc.",5,5,9,-1,130,-19
"United Air Lines Inc.",8,1,21,229,733,251
"American Airlines Inc.",9,4,33,-8,2475,-15
"American Airlines Inc.",6,5,11,47,1660,28
"JetBlue Airways",12,1,12,-2,474,-10
"Southwest Airlines Co.",11,1,23,2,1609,-20
"Hawaiian Airlines Inc.",7,5,15,15,100,22
"American Airlines Inc.",8,1,20,3,2279,1
"Skywest Airlines Inc.",11,2,23,1,588,3
"JetBlue Airways",6,2,15,31,1237,21
"Delta Air Lines Inc.",6,2,29,48,1096,61
"American Eagle Airlines Inc.",9,3,19,34,224,26
"American Airlines Inc.",11,7,41,90,192,102
"Atlantic Southeast Airlines",11,2,18,-5,296,-15
"Atlantic Southeast Airlines",3,2,49,23,419,35
"United Air Lines Inc.",2,3,17,-1,1546,-8
"American Airlines Inc.",11,2,13,-10,980,-21
"Southwest Airlines Co.",6,2,8,8,302,3
"Delta Air Lines Inc.",5,4,17,-6,1084,-8
"Delta Air Lines Inc.",3,7,11,-1,546,-13
"Southwest Airlines Co.",3,1,14,12,581,7
"Delta Air Lines Inc.",7,7,15,-2,545,-1
"American Airlines Inc.",10,1,12,-1,1979,-15
"American Airlines Inc.",4,6,12,-7,258,-13
"Delta Air Lines Inc.",11,2,13,-7,629,-9
"American Airlines Inc.",1,6,24,-4,2248,-33
"Alaska Airlines Inc.",8,1,14,16,2355,22
"Southwest Airlines Co.",7,4,9,31,1131,24
"Southwest Airlines Co.",7,3,11,7,1050,-1
"JetBlue Airways",2,3,25,-3,413,-11
"JetBlue Airways",8,7,18,-9,1188,-19
"Skywest Airlines Inc.",8,7,16,-7,313,-11
"Delta Air Lines Inc.",10,5,13,-5,669,-12
"United Air Lines Inc.",7,2,12,-2,2565,-13
"United Air Lines Inc.",1,7,13,0,2565,3
"Southwest Airlines Co.",12,3,26,4,587,22
"Delta Air Lines Inc.",5,7,15,13,1947,12
"American Airlines Inc.",10,1,12,-7,399,-5
"Delta Air Lines Inc.",2,4,20,8,321,5
"American Eagle Airlines Inc.",1,6,7,-3,196,-14
"American Airlines Inc.",4,3,14,-3,868,-10
"Delta Air Lines Inc.",5,3,11,-3,1590,-13
"Southwest Airlines Co.",11,3,7,-5,861,-3
"Atlantic Southeast Airlines",7,5,15,-1,668,-13
"Delta Air Lines Inc.",8,7,15,25,1121,20
"Alaska Airlines Inc.",3,7,12,-5,2541,17
"Frontier Airlines Inc.",10,7,21,-2,641,1
"American Airlines Inc.",1,7,12,14,867,7
"JetBlue Airways",11,3,14,-13,474,-17
"Southwest Airlines Co.",7,1,11,21,583,12
"American Airlines Inc.",11,2,9,-8,247,-23
"Delta Air Lines Inc.",8,2,9,-5,2519,-20
"Southwest Airlines Co.",6,1,7,-2,451,-14
"American Airlines Inc.",9,3,18,0,257,-11
"United Air Lines Inc.",11,1,12,-3,787,-12
"American Airlines Inc.",12,7,18,-9,1605,-7
"Delta Air Lines Inc.",4,5,14,59,558,50
"Southwest Airlines Co.",11,5,10,-4,945,-18
"Delta Air Lines Inc.",7,7,12,28,581,6
"Delta Air Lines Inc.",4,7,20,-4,1127,-11
"Atlantic Southeast Airlines",8,1,8,-4,594,-13
"Delta Air Lines Inc.",2,5,34,3,1399,9
"Atlantic Southeast Airlines",3,7,19,0,164,7
"JetBlue Airways",9,2,15,-14,612,-24
"Skywest Airlines Inc.",5,1,20,0,391,6
"Southwest Airlines Co.",5,5,14,3,680,-13
"Southwest Airlines Co.",10,4,20,-3,289,18
"US Airways Inc.",4,2,24,-1,184,-13
"Southwest Airlines Co.",1,4,10,13,1706,1
"Southwest Airlines Co.",5,2,19,-2,1733,5
"Southwest Airlines Co.",4,4,9,-2,829,-6
"Atlantic Southeast Airlines",10,2,26,0,262,11
"American Airlines Inc.",5,3,11,33,247,20
"Alaska Airlines Inc.",6,2,9,-9,123,-6
"American Airlines Inc.",7,6,54,35,651,86
"Southwest Airlines Co.",12,2,9,-2,1024,-6
"Skywest Airlines Inc.",10,1,15,-2,284,-5
"Atlantic Southeast Airlines",7,7,25,0,565,1
"United Air Lines Inc.",4,1,29,-2,1605,7
"American Eagle Airlines Inc.",4,1,11,-5,272,-23
"Spirit Air Lines",11,1,10,-6,177,-16
"Atlantic Southeast Airlines",3,4,14,-4,1214,-7
"United Air Lines Inc.",11,4,17,-2,888,0
"Skywest Airlines Inc.",12,4,15,-4,128,-17
"Skywest Airlines Inc.",1,4,36,-6,370,13
"Delta Air Lines Inc.",9,6,15,4,184,-4
"United Air Lines Inc.",12,4,33,-8,1190,4
"Atlantic Southeast Airlines",7,6,16,-1,224,0
"Southwest Airlines Co.",9,2,9,2,248,-5
"United Air Lines Inc.",12,4,18,0,1379,6
"Southwest Airlines Co.",8,1,10,3,1449,-12
"Atlantic Southeast Airlines",5,7,13,61,310,48
"Atlantic Southeast Airlines",10,1,12,-3,462,-20
"Southwest Airlines Co.",12,6,9,8,1014,-15
"Skywest Airlines Inc.",12,2,29,64,391,64
"Skywest Airlines Inc.",1,3,28,-12,200,0
"American Airlines Inc.",7,7,17,-1,1005,-20
"Skywest Airlines Inc.",2,7,5,-17,150,-17
"Skywest Airlines Inc.",1,2,18,-10,188,-14
"Southwest Airlines Co.",12,5,33,3,628,22
"American Airlines Inc.",9,6,14,9,631,1
"American Airlines Inc.",9,5,16,4,257,-8
"JetBlue Airways",4,5,15,-7,1226,-16
"Southwest Airlines Co.",3,7,10,-7,481,1
"United Air Lines Inc.",5,3,12,-3,649,-2
"Southwest Airlines Co.",9,7,17,2,2329,3
"Atlantic Southeast Airlines",7,3,12,32,489,45
"Delta Air Lines Inc.",6,4,13,8,594,-17
"Alaska Airlines Inc.",2,3,11,0,834,6
"JetBlue Airways",9,3,10,-2,857,-3
"Skywest Airlines Inc.",1,5,11,-3,391,-8
"United Air Lines Inc.",10,1,10,-6,1005,-30
"Delta Air Lines Inc.",12,5,11,0,425,-13
"Southwest Airlines Co.",1,1,9,14,1218,-1
"Southwest Airlines Co.",2,1,16,0,255,2
"JetBlue Airways",6,2,21,-6,2475,-42
"Skywest Airlines Inc.",2,3,16,-12,363,-7
"Delta Air Lines Inc.",2,4,17,-12,680,-37
"American Airlines Inc.",4,5,24,-5,986,13
"Delta Air Lines Inc.",4,7,13,-1,457,-5
"Delta Air Lines Inc.",4,3,13,11,404,6
"Southwest Airlines Co.",4,4,17,-3,358,5
"United Air Lines Inc.",9,3,14,-8,337,-20
"United Air Lines Inc.",7,5,19,45,1024,31
"Southwest Airlines Co.",5,7,6,-1,338,-5
"JetBlue Airways",4,4,33,-3,1826,-43
"Delta Air Lines Inc.",6,1,13,10,666,-7
"Atlantic Southeast Airlines",3,4,14,5,1092,7
"Southwest Airlines Co.",8,7,10,-2,1313,-17
"Frontier Airlines Inc.",1,5,8,-8,1024,-20
"American Airlines Inc.",11,6,10,-4,1947,10
"Southwest Airlines Co.",3,3,10,-2,337,-5
"Atlantic Southeast Airlines",9,1,20,-5,588,-8
"Skywest Airlines Inc.",8,7,38,23,1352,34
"Delta Air Lines Inc.",9,3,12,-1,373,-9
"Southwest Airlines Co.",2,5,10,-2,671,9
"Atlantic Southeast Airlines",3,7,11,-4,572,-5
"United Air Lines Inc.",3,2,33,-2,2586,8
"United Air Lines Inc.",11,4,18,-3,447,-15
"American Airlines Inc.",11,2,15,-9,944,-19
"Delta Air Lines Inc.",4,6,13,-3,341,-8
"Atlantic Southeast Airlines",7,7,30,21,1017,36
"American Eagle Airlines Inc.",8,4,11,-5,108,-7
"Southwest Airlines Co.",7,4,14,111,425,101
"Atlantic Southeast Airlines",7,1,35,120,246,135
"Southwest Airlines Co.",4,3,8,-3,544,-7
"Delta Air Lines Inc.",8,4,12,-3,632,-5
"American Eagle Airlines Inc.",7,7,10,7,606,-2
"American Airlines Inc.",6,4,31,194,919,208
"JetBlue Airways",11,4,17,-4,2381,-20
"Delta Air Lines Inc.",3,7,26,0,481,4
"Southwest Airlines Co.",11,4,8,-3,860,-12
"Delta Air Lines Inc.",12,5,27,9,332,13
"Southwest Airlines Co.",1,4,11,64,849,62
"Skywest Airlines Inc.",8,4,29,12,749,19
"Delta Air Lines Inc.",10,5,13,-2,874,-14
"Atlantic Southeast Airlines",6,2,7,-5,651,-22
"American Airlines Inc.",3,4,12,26,641,39
"United Air Lines Inc.",12,3,10,-4,1491,-23
"Atlantic Southeast Airlines",7,4,7,39,76,28
"Southwest Airlines Co.",4,2,11,-1,189,-4
"American Airlines Inc.",4,3,19,1,236,0
"American Airlines Inc.",5,3,17,67,282,61
"Atlantic Southeast Airlines",2,4,11,-6,554,-19
"Southwest Airlines Co.",11,1,9,12,621,9
"Delta Air Lines Inc.",3,6,14,69,1547,66
"Southwest Airlines Co.",5,5,7,-4,390,-2
"American Airlines Inc.",4,5,17,81,2248,76
"US Airways Inc.",4,3,25,-4,430,1
"American Eagle Airlines Inc.",6,7,15,22,108,10
"United Air Lines Inc.",12,4,18,-6,588,-7
"Delta Air Lines Inc.",10,4,17,-1,440,9
"Southwest Airlines Co.",7,5,9,-3,1984,-24
"Southwest Airlines Co.",9,2,9,-1,787,-4
"Skywest Airlines Inc.",8,1,22,-4,296,-4
"JetBlue Airways",9,6,10,-1,2465,16
"Southwest Airlines Co.",3,5,6,22,1390,11
"American Airlines Inc.",11,3,12,3,1067,-22
"Skywest Airlines Inc.",1,1,14,23,262,14
"Atlantic Southeast Airlines",7,1,14,6,866,-30
"Frontier Airlines Inc.",2,5,13,-7,1028,-25
"American Airlines Inc.",10,6,10,-4,731,-13
"United Air Lines Inc.",11,4,17,11,2565,5
"American Eagle Airlines Inc.",1,3,20,-3,408,17
"Delta Air Lines Inc.",10,6,19,4,2519,-2
"Skywest Airlines Inc.",10,5,20,-8,130,1
"United Air Lines Inc.",11,2,19,-2,1721,-21
"JetBlue Airways",12,6,20,85,944,78
"United Air Lines Inc.",8,2,10,2,2007,-28
"American Airlines Inc.",7,2,21,25,802,24
"American Eagle Airlines Inc.",4,6,10,16,265,0
"American Airlines Inc.",6,6,11,5,1188,2
"American Airlines Inc.",8,1,21,-4,192,-3
"Alaska Airlines Inc.",3,4,7,0,569,1
"Skywest Airlines Inc.",7,4,13,-12,438,-36
"United Air Lines Inc.",7,4,11,36,836,25
"Spirit Air Lines",11,3,14,-9,763,-12
"Skywest Airlines Inc.",3,7,13,-3,751,-12
"United Air Lines Inc.",7,7,18,21,2454,53
"JetBlue Airways",7,4,16,0,1562,-18
"American Eagle Airlines Inc.",9,1,11,-7,408,-26
"Southwest Airlines Co.",8,3,15,-1,405,-9
"American Airlines Inc.",7,6,14,-7,678,-28
"American Airlines Inc.",8,5,14,-2,1709,-13
"Delta Air Lines Inc.",4,4,18,-8,1145,-6
"Atlantic Southeast Airlines",9,4,16,-9,831,-16
"Delta Air Lines Inc.",6,2,23,17,1127,15
"Atlantic Southeast Airlines",1,4,18,2,984,-4
"United Air Lines Inc.",10,3,18,-4,854,-17
"United Air Lines Inc.",8,2,36,16,1372,28
"Southwest Airlines Co.",4,3,10,-2,372,-5
"Atlantic Southeast Airlines",6,2,8,-11,253,-19
"JetBlue Airways",9,2,12,7,1023,0
"Frontier Airlines Inc.",12,4,10,-7,991,-20
"Alaska Airlines Inc.",7,3,8,-1,2537,-18
"Atlantic Southeast Airlines",10,2,11,-1,427,-10
"Skywest Airlines Inc.",12,4,30,-6,1195,0
"Atlantic Southeast Airlines",7,2,19,-1,304,13
"Delta Air Lines Inc.",8,2,22,-5,184,0
"American Airlines Inc.",9,5,39,-9,2586,-6
"American Airlines Inc.",6,3,16,45,978,46
"United Air Lines Inc.",6,3,12,-4,1167,-20
"United Air Lines Inc.",10,4,17,-1,689,-13
"Southwest Airlines Co.",11,4,38,-5,2106,1
"American Airlines Inc.",8,6,12,-5,2089,-13
"Delta Air Lines Inc.",9,3,20,-8,1927,-27
"Delta Air Lines Inc.",12,6,10,-1,712,-10
"US Airways Inc.",4,4,10,-1,1671,-22
"United Air Lines Inc.",12,6,15,4,3904,-19
"Southwest Airlines Co.",6,2,15,13,721,-6
"American Airlines Inc.",9,1,36,-3,268,13
"American Airlines Inc.",12,7,39,3,213,12
"US Airways Inc.",6,1,26,7,646,13
"Southwest Airlines Co.",2,1,17,-4,621,3
"Delta Air Lines Inc.",8,5,20,-2,1599,-9
"JetBlue Airways",5,6,27,-3,828,-16
"Southwest Airlines Co.",11,6,9,23,442,24
"Skywest Airlines Inc.",7,2,21,-7,265,-4
"Skywest Airlines Inc.",1,4,11,-8,370,-14
"US Airways Inc.",5,5,16,-4,370,0
"Alaska Airlines Inc.",1,4,10,-5,937,-23
"Southwest Airlines Co.",4,1,6,24,307,11
"Alaska Airlines Inc.",6,3,11,-2,1107,-12
"US Airways Inc.",3,5,9,-4,651,-14
"Southwest Airlines Co.",6,7,14,-3,717,-1
"Skywest Airlines Inc.",10,5,13,-8,89,-15
"US Airways Inc.",1,3,23,-2,2917,23
"Atlantic Southeast Airlines",9,1,12,-1,772,10
"Spirit Air Lines",8,2,11,0,1954,4
"Southwest Airlines Co.",4,7,54,-3,861,33
"Skywest Airlines Inc.",1,4,13,-5,192,-11
"Atlantic Southeast Airlines",4,3,7,-10,770,-32
"Hawaiian Airlines Inc.",8,3,16,-3,216,3
"Skywest Airlines Inc.",5,6,14,-11,493,-12
"Southwest Airlines Co.",12,5,6,-1,448,-20
"JetBlue Airways",12,6,11,-9,1173,-2
"Skywest Airlines Inc.",2,5,21,-6,296,-17
"American Airlines Inc.",12,2,13,-7,926,-30
"JetBlue Airways",11,7,13,13,1076,-15
"Skywest Airlines Inc.",1,2,18,-6,209,-10
"JetBlue Airways",5,6,18,-5,1182,-6
"American Airlines Inc.",2,5,12,27,237,20
"Virgin America",6,6,9,-5,337,-8
"United Air Lines Inc.",3,1,13,140,1068,156
"American Airlines Inc.",8,5,12,-4,912,-19
"American Airlines Inc.",1,4,14,39,1192,46
"Hawaiian Airlines Inc.",3,5,15,-7,163,-1
"Southwest Airlines Co.",1,4,13,-3,345,-1
"Alaska Airlines Inc.",4,1,14,-3,1050,8
"American Airlines Inc.",10,4,29,-3,399,2
"Delta Air Lines Inc.",11,7,14,-2,1892,-13
"Southwest Airlines Co.",7,4,8,9,735,3
"Skywest Airlines Inc.",5,3,12,67,326,57
"Delta Air Lines Inc.",6,5,19,-2,581,5
"Atlantic Southeast Airlines",4,1,6,183,190,182
"American Airlines Inc.",11,5,19,-1,1171,16
"United Air Lines Inc.",4,7,15,4,1400,-1
"Virgin America",7,1,15,-3,679,-3
"Atlantic Southeast Airlines",10,5,16,19,190,16
"Delta Air Lines Inc.",7,7,28,19,425,15
"Skywest Airlines Inc.",5,5,9,-16,157,-25
"American Eagle Airlines Inc.",6,4,17,7,606,-12
"US Airways Inc.",2,7,9,1,1032,-10
"American Airlines Inc.",4,2,11,-7,550,-17
"United Air Lines Inc.",12,3,34,19,1182,45
"Southwest Airlines Co.",9,4,16,3,577,5
"Skywest Airlines Inc.",7,1,8,-11,461,-15
"Atlantic Southeast Airlines",4,4,13,-8,562,-14
"Southwest Airlines Co.",5,3,13,40,972,30
"Spirit Air Lines",4,1,19,19,177,27
"American Airlines Inc.",10,5,10,12,1464,8
"Southwest Airlines Co.",7,5,29,108,507,125
"Skywest Airlines Inc.",3,4,12,-6,391,-22
"American Airlines Inc.",3,3,16,-6,1372,-18
"Southwest Airlines Co.",8,1,10,-3,362,12
"JetBlue Airways",5,1,11,-6,805,-11
"Skywest Airlines Inc.",9,5,16,-6,697,-13
"JetBlue Airways",9,7,21,15,2248,-18
"Delta Air Lines Inc.",11,5,22,10,2454,-11
"Southwest Airlines Co.",9,6,12,26,228,16
"Delta Air Lines Inc.",8,4,21,0,332,-11
"Spirit Air Lines",12,1,13,3,1299,3
"Southwest Airlines Co.",2,4,23,-3,404,6
"Skywest Airlines Inc.",6,2,16,-3,557,-10
"Southwest Airlines Co.",3,1,14,-2,1216,3
"Delta Air Lines Inc.",1,1,20,-2,306,-1
"American Airlines Inc.",10,5,20,-3,1471,-16
"US Airways Inc.",1,7,14,-3,2089,-17
"Alaska Airlines Inc.",6,7,12,17,1448,16
"US Airways Inc.",4,3,26,-2,1262,-8
"Atlantic Southeast Airlines",2,5,10,-10,157,-13
"Skywest Airlines Inc.",10,4,11,-10,436,0
"Delta Air Lines Inc.",11,2,13,0,2182,-20
"Delta Air Lines Inc.",9,4,15,-1,270,-7
"United Air Lines Inc.",4,3,33,1,2358,13
"Skywest Airlines Inc.",10,1,11,-6,399,-3
"JetBlue Airways",12,4,22,26,1237,12
"JetBlue Airways",3,5,14,2,1072,24
"Southwest Airlines Co.",10,6,20,-4,371,-25
"Delta Air Lines Inc.",7,2,17,2,813,-14
"Delta Air Lines Inc.",8,3,20,2,1589,-4
"United Air Lines Inc.",11,7,14,0,2065,-36
"Atlantic Southeast Airlines",1,7,11,8,489,2
"Delta Air Lines Inc.",12,7,27,11,1086,23
"United Air Lines Inc.",8,2,9,17,1440,-3
"Delta Air Lines Inc.",4,4,12,-2,282,-14
"Skywest Airlines Inc.",1,2,11,-5,86,-5
"American Eagle Airlines Inc.",3,2,30,11,409,19
"Virgin America",7,4,12,21,414,14
"Atlantic Southeast Airlines",5,7,17,-5,466,-8
"Southwest Airlines Co.",11,2,10,182,1903,169
"Southwest Airlines Co.",4,5,13,0,391,-9
"Skywest Airlines Inc.",10,6,14,251,667,241
"US Airways Inc.",5,4,19,-1,468,7
"American Airlines Inc.",4,3,14,-10,867,-24
"JetBlue Airways",2,4,22,-6,1069,22
"Delta Air Lines Inc.",12,4,19,-5,594,-14
"Delta Air Lines Inc.",2,2,13,31,317,26
"Spirit Air Lines",3,7,8,-7,1979,-29
"American Airlines Inc.",7,3,24,0,899,3
"American Airlines Inc.",5,3,16,125,978,116
"Atlantic Southeast Airlines",8,1,10,-1,1042,-4
"Atlantic Southeast Airlines",11,1,17,19,487,19
"Southwest Airlines Co.",2,6,5,-5,342,-12
"American Airlines Inc.",5,7,15,-3,2475,-16
"Skywest Airlines Inc.",5,2,15,1,298,1
"Southwest Airlines Co.",8,4,12,-4,327,-4
"Skywest Airlines Inc.",10,2,18,-2,1337,1
"American Eagle Airlines Inc.",6,3,16,-1,557,-5
"Southwest Airlines Co.",12,5,18,-6,738,-13
"Atlantic Southeast Airlines",10,7,10,-6,190,-20
"Southwest Airlines Co.",10,7,12,-5,846,-6
"Southwest Airlines Co.",5,2,32,-4,814,-28
"Southwest Airlines Co.",8,3,10,23,917,11
"Atlantic Southeast Airlines",4,4,23,0,295,6
"American Airlines Inc.",12,4,22,1,936,-18
"Atlantic Southeast Airlines",11,4,13,-7,376,-17
"Delta Air Lines Inc.",7,5,10,-2,680,1
"Southwest Airlines Co.",11,5,7,0,528,-14
"JetBlue Airways",9,4,15,-12,937,-15
"JetBlue Airways",4,6,21,40,1609,38
"Delta Air Lines Inc.",9,3,8,-6,757,-9
"Southwest Airlines Co.",3,7,22,3,1618,5
"Southwest Airlines Co.",7,2,15,-1,347,1
"Skywest Airlines Inc.",10,2,19,73,615,69
"Delta Air Lines Inc.",5,7,18,0,227,-5
"JetBlue Airways",1,7,17,-10,740,-18
"Southwest Airlines Co.",5,1,7,-2,342,-4
"Atlantic Southeast Airlines",2,7,17,28,363,24
"United Air Lines Inc.",11,3,14,-3,1190,-17
"Frontier Airlines Inc.",10,2,11,-4,1546,-17
"Spirit Air Lines",2,2,21,-4,888,-1
"American Airlines Inc.",10,6,12,-1,1744,-17
"United Air Lines Inc.",5,3,8,-12,909,-9
"United Air Lines Inc.",5,6,10,0,937,-24
"Skywest Airlines Inc.",4,3,17,-3,936,16
"Alaska Airlines Inc.",7,2,15,10,909,5
"Skywest Airlines Inc.",7,4,17,-5,363,-9
"Spirit Air Lines",3,4,9,38,602,23
"American Eagle Airlines Inc.",9,1,22,-1,122,-3
"Southwest Airlines Co.",11,4,9,10,937,-2
"Alaska Airlines Inc.",9,2,11,-7,1448,-22
"Delta Air Lines Inc.",12,6,22,-3,1589,-3
"Atlantic Southeast Airlines",9,2,11,-5,265,-20
"US Airways Inc.",2,5,12,-2,546,-2
"Southwest Airlines Co.",2,5,8,-8,273,-15
"Virgin America",7,1,17,-3,2611,-1
"Skywest Airlines Inc.",6,2,26,9,916,20
"Alaska Airlines Inc.",1,6,12,-4,599,-13
"Skywest Airlines Inc.",9,7,17,-6,783,6
"Skywest Airlines Inc.",3,5,15,103,751,94
"Atlantic Southeast Airlines",12,2,8,-6,310,-14
"Delta Air Lines Inc.",8,3,19,-7,957,-7
"JetBlue Airways",4,2,10,-11,1028,-25
"American Airlines Inc.",8,4,23,-4,2342,-11
"Southwest Airlines Co.",1,5,6,20,1216,24
"Skywest Airlines Inc.",4,5,27,-4,508,5
"Southwest Airlines Co.",6,3,8,-5,2149,-20
"American Airlines Inc.",6,5,20,5,1660,-12
"Atlantic Southeast Airlines",5,7,13,-2,292,-14
"Skywest Airlines Inc.",3,5,20,-6,160,-5
"Atlantic Southeast Airlines",3,5,11,-8,429,-11
"Southwest Airlines Co.",6,4,10,-3,971,-11
"Virgin America",9,4,18,-2,447,2
"Southwest Airlines Co.",6,5,16,22,236,23
"Alaska Airlines Inc.",7,1,12,-15,679,-15
"Delta Air Lines Inc.",6,3,14,-3,991,-7
"US Airways Inc.",3,1,19,-8,331,-15
"Skywest Airlines Inc.",10,6,26,5,1436,17
"American Airlines Inc.",5,5,47,-6,919,20
"American Airlines Inc.",5,4,26,8,1303,14
"American Eagle Airlines Inc.",8,2,13,-14,409,-26
"Delta Air Lines Inc.",9,7,14,-6,306,-5
"Hawaiian Airlines Inc.",4,1,14,-5,163,0
"Atlantic Southeast Airlines",4,4,9,-5,651,2
"United Air Lines Inc.",3,1,13,-5,1546,-29
"Southwest Airlines Co.",2,3,15,-5,1184,-31
"Spirit Air Lines",1,2,4,-12,1979,-6
"Atlantic Southeast Airlines",10,4,76,11,419,64
"Atlantic Southeast Airlines",10,2,13,-14,468,-28
"United Air Lines Inc.",11,2,10,-5,550,-34
"Delta Air Lines Inc.",6,4,27,0,1919,-2
"Skywest Airlines Inc.",9,2,14,-7,451,-18
"American Airlines Inc.",9,3,11,-2,1660,-14
"Southwest Airlines Co.",7,2,10,-4,283,-5
"Spirit Air Lines",8,2,8,-2,529,-4
"US Airways Inc.",3,5,15,-5,500,-13
"Skywest Airlines Inc.",3,4,17,1,1014,4
"US Airways Inc.",6,3,20,-6,678,10
"United Air Lines Inc.",7,3,14,-1,413,-8
"Southwest Airlines Co.",8,2,10,-4,2110,-9
"Delta Air Lines Inc.",7,7,31,-8,352,-8
"Delta Air Lines Inc.",10,4,17,-3,406,-8
"Skywest Airlines Inc.",2,5,14,11,679,11
"Alaska Airlines Inc.",7,2,8,-9,680,-4
"US Airways Inc.",1,2,17,2,759,-1
"American Airlines Inc.",7,3,121,12,650,105
"Spirit Air Lines",7,5,16,54,852,55
"Delta Air Lines Inc.",3,7,32,4,1990,4
"American Eagle Airlines Inc.",6,3,21,-1,304,3
"United Air Lines Inc.",10,2,22,5,200,9
"Skywest Airlines Inc.",4,7,19,7,109,4
"Skywest Airlines Inc.",6,7,33,-10,190,0
"JetBlue Airways",7,2,16,-5,1065,-24
"Southwest Airlines Co.",8,5,8,3,819,-11
"Hawaiian Airlines Inc.",11,6,16,-7,163,-4
"Delta Air Lines Inc.",5,7,13,-4,447,-10
"Atlantic Southeast Airlines",4,7,31,-2,201,10
"Atlantic Southeast Airlines",7,4,13,-7,228,-18
"Delta Air Lines Inc.",7,6,11,23,205,15
"Southwest Airlines Co.",3,6,12,-8,925,-16
"Hawaiian Airlines Inc.",9,2,12,-5,100,-7
"American Airlines Inc.",6,2,49,36,1096,68
"American Eagle Airlines Inc.",12,4,13,-1,416,-16
"Atlantic Southeast Airlines",11,2,18,-2,408,5
"Southwest Airlines Co.",12,4,12,-3,528,-11
"Atlantic Southeast Airlines",7,7,20,3,323,6
"Southwest Airlines Co.",9,6,7,-5,192,-1
"Delta Air Lines Inc.",11,1,12,-5,588,-26
"Hawaiian Airlines Inc.",8,5,11,-7,163,-4
"United Air Lines Inc.",7,3,13,21,689,7
"American Airlines Inc.",12,1,12,3,621,4
"Southwest Airlines Co.",3,7,46,-1,523,31
"Skywest Airlines Inc.",5,1,24,-4,128,-10
"Delta Air Lines Inc.",9,5,24,-6,352,-9
"Skywest Airlines Inc.",3,3,4,14,125,3
"JetBlue Airways",10,7,10,0,1028,-18
"JetBlue Airways",1,3,11,-8,1050,-30
"Alaska Airlines Inc.",5,7,12,-3,1448,-9
"Southwest Airlines Co.",4,4,6,52,236,29
"Atlantic Southeast Airlines",1,1,9,33,533,19
"Southwest Airlines Co.",11,6,10,-1,991,-18
"Southwest Airlines Co.",4,3,10,-2,1173,-14
"Southwest Airlines Co.",8,5,13,-3,533,-1
"Southwest Airlines Co.",11,6,12,18,547,12
"Atlantic Southeast Airlines",2,2,32,-2,528,5
"Skywest Airlines Inc.",12,7,18,19,235,11
"Delta Air Lines Inc.",6,6,11,-4,373,-11
"Virgin America",7,2,1,23,954,15
"Southwest Airlines Co.",3,1,15,0,1845,-16
"JetBlue Airways",12,4,14,29,1674,26
"United Air Lines Inc.",5,6,16,169,177,164
"Spirit Air Lines",12,6,18,13,1723,23
"American Airlines Inc.",5,3,20,27,190,28
"Atlantic Southeast Airlines",9,4,31,0,529,6
"American Eagle Airlines Inc.",4,6,18,69,821,65
"Skywest Airlines Inc.",5,3,13,-5,546,-25
"Southwest Airlines Co.",4,2,9,-1,829,-10
"American Airlines Inc.",10,3,12,-3,1262,-7
"Southwest Airlines Co.",3,4,20,13,1506,20
"Skywest Airlines Inc.",6,4,18,-2,363,-10
"Southwest Airlines Co.",5,3,10,-5,1587,-10
"Southwest Airlines Co.",5,1,9,-6,1024,-19
"Alaska Airlines Inc.",2,2,23,96,679,102
"United Air Lines Inc.",2,1,20,-4,2425,-15
"Delta Air Lines Inc.",11,4,11,-2,689,-8
"JetBlue Airways",12,3,20,287,1237,291
"Southwest Airlines Co.",5,6,14,-4,1105,-10
"Skywest Airlines Inc.",11,6,27,-6,1034,-4
"Spirit Air Lines",6,1,15,10,982,6
"United Air Lines Inc.",4,3,10,0,2133,-9
"Southwest Airlines Co.",8,3,6,-5,402,-14
"United Air Lines Inc.",1,2,21,-2,1416,-7
"Frontier Airlines Inc.",10,6,20,30,666,22
"American Airlines Inc.",3,6,18,-3,1089,-13
"Delta Air Lines Inc.",12,4,13,-1,1990,-21
"Southwest Airlines Co.",5,5,10,-3,468,-25
"United Air Lines Inc.",1,5,8,0,1208,10
"United Air Lines Inc.",9,2,15,-1,2454,-5
"Delta Air Lines Inc.",12,1,11,-5,1182,-29
"Skywest Airlines Inc.",12,4,28,-1,1041,22
"Skywest Airlines Inc.",3,5,22,-3,140,-2
"Delta Air Lines Inc.",10,2,14,-6,214,-12
"Skywest Airlines Inc.",2,4,13,-2,844,3
"Frontier Airlines Inc.",10,1,10,20,1371,-2
"Atlantic Southeast Airlines",5,1,14,-10,488,-3
"American Airlines Inc.",7,4,39,-6,331,3
"Skywest Airlines Inc.",8,7,13,-9,771,-26
"Skywest Airlines Inc.",7,7,14,5,956,-21
"Southwest Airlines Co.",7,3,9,6,519,-6
"Southwest Airlines Co.",11,7,7,-2,302,-7
"Delta Air Lines Inc.",10,4,13,-2,432,-18
"Southwest Airlines Co.",4,1,9,-6,1735,-28
"Southwest Airlines Co.",3,2,7,-2,187,-8
"United Air Lines Inc.",2,5,13,1,1546,-3
"American Airlines Inc.",11,2,16,-5,936,-26
"Delta Air Lines Inc.",7,4,14,9,1587,6
"Atlantic Southeast Airlines",2,3,9,-5,692,-5
"United Air Lines Inc.",2,4,12,0,447,3
"JetBlue Airways",9,5,10,4,1035,2
"Southwest Airlines Co.",7,1,8,47,1788,29
"Skywest Airlines Inc.",6,4,10,-7,493,-17
"American Eagle Airlines Inc.",5,4,7,-4,561,14
"Southwest Airlines Co.",4,6,10,192,436,238
"Skywest Airlines Inc.",3,1,18,5,409,8
"Delta Air Lines Inc.",5,2,12,-7,577,-7
"United Air Lines Inc.",3,5,13,26,414,18
"JetBlue Airways",2,2,25,15,937,51
"Delta Air Lines Inc.",3,3,13,28,1299,19
"American Airlines Inc.",11,1,15,-6,399,-4
"United Air Lines Inc.",12,1,15,-3,528,6
"Delta Air Lines Inc.",8,4,54,38,547,57
"United Air Lines Inc.",1,5,33,29,1062,30
"Virgin America",6,2,11,49,414,37
"American Airlines Inc.",11,5,18,-8,592,-11
"Atlantic Southeast Airlines",6,2,12,-4,196,-13
"American Airlines Inc.",8,7,26,19,2300,-18
"Southwest Airlines Co.",11,2,11,2,2295,-35
"American Airlines Inc.",3,6,14,-12,583,-25
"Southwest Airlines Co.",10,5,11,-3,533,-15
"Delta Air Lines Inc.",12,1,12,21,2105,-4
"Hawaiian Airlines Inc.",11,7,9,14,2409,-14
"United Air Lines Inc.",9,6,42,45,678,41
"Skywest Airlines Inc.",1,3,29,-5,216,0
"Southwest Airlines Co.",2,7,10,4,1670,-27
"Skywest Airlines Inc.",7,3,13,20,792,13
"Atlantic Southeast Airlines",10,7,17,-5,607,-14
"Southwest Airlines Co.",4,2,7,13,446,-5
"Atlantic Southeast Airlines",12,5,18,-2,803,-12
"Southwest Airlines Co.",3,7,8,7,1771,-40
"Southwest Airlines Co.",11,1,16,-2,672,0
"Southwest Airlines Co.",6,6,13,-5,2139,-28
"American Airlines Inc.",10,1,21,-2,1345,-11
"Southwest Airlines Co.",9,3,9,-8,372,-18
"Skywest Airlines Inc.",7,2,12,-7,328,-14
"Skywest Airlines Inc.",11,1,18,-4,541,-12
"Delta Air Lines Inc.",6,2,17,-1,214,-11
"Southwest Airlines Co.",4,5,7,-3,255,-20
"Southwest Airlines Co.",7,2,20,12,888,-5
"American Airlines Inc.",12,3,13,25,1158,20
"Spirit Air Lines",8,2,11,247,177,237
"American Airlines Inc.",3,3,11,-7,929,-12
"Atlantic Southeast Airlines",3,1,6,-14,487,-26
"US Airways Inc.",5,4,16,-3,304,-6
"Spirit Air Lines",10,4,7,-10,515,-14
"American Airlines Inc.",12,7,18,3,468,0
"Delta Air Lines Inc.",11,2,15,-3,908,-7
"United Air Lines Inc.",4,2,22,15,1846,5
"Skywest Airlines Inc.",9,4,46,-1,612,18
"Delta Air Lines Inc.",1,3,12,0,526,-18
"Southwest Airlines Co.",6,3,10,16,646,8
"Southwest Airlines Co.",8,7,9,-5,1182,-8
"Southwest Airlines Co.",9,1,16,13,758,5
"Southwest Airlines Co.",3,5,8,94,677,94
"Southwest Airlines Co.",11,1,14,15,628,4
"US Airways Inc.",1,6,11,-7,468,-20
"Delta Air Lines Inc.",11,1,8,-4,738,-13
"American Airlines Inc.",1,4,10,22,192,9
"US Airways Inc.",5,4,14,-3,590,-5
"American Airlines Inc.",9,6,14,-7,650,-17
"Atlantic Southeast Airlines",2,5,35,-5,714,-10
"American Airlines Inc.",1,3,27,-8,1258,-10
"Delta Air Lines Inc.",5,5,18,24,201,25
"Southwest Airlines Co.",2,1,8,10,365,4
"Alaska Airlines Inc.",1,2,12,-10,1107,-12
"Spirit Air Lines",11,5,15,30,925,14
"Spirit Air Lines",11,1,11,-5,925,-12
"Atlantic Southeast Airlines",4,3,19,-8,166,0
"Southwest Airlines Co.",10,1,16,-3,255,5
"Delta Air Lines Inc.",10,5,37,164,1029,159
"Atlantic Southeast Airlines",6,7,19,31,482,29
"Southwest Airlines Co.",1,7,16,0,2139,-11
"Delta Air Lines Inc.",1,3,17,7,1851,4
"American Airlines Inc.",6,2,14,-1,929,0
"United Air Lines Inc.",8,4,9,10,1400,-7
"Southwest Airlines Co.",3,2,11,-1,1011,-6
"Delta Air Lines Inc.",12,2,12,0,1619,-15
"United Air Lines Inc.",3,2,19,-4,1303,-13
"Skywest Airlines Inc.",8,6,17,-3,1708,-9
"American Airlines Inc.",12,4,10,0,204,-8
"American Airlines Inc.",11,4,15,-6,651,-19
"Skywest Airlines Inc.",10,6,15,12,689,-2
"Southwest Airlines Co.",5,1,10,-1,577,9
"Spirit Air Lines",8,1,10,-1,577,9
"Delta Air Lines Inc.",1,4,11,-3,526,-7
"Delta Air Lines Inc.",4,1,22,9,1481,23
"Spirit Air Lines",2,4,35,6,643,21
"Delta Air Lines Inc.",12,2,17,-5,153,-6
"Skywest Airlines Inc.",7,5,21,1,160,-3
"Delta Air Lines Inc.",8,6,20,0,1598,14
"Southwest Airlines Co.",4,5,14,-3,1189,-13
"Skywest Airlines Inc.",9,5,27,-5,545,-1
"Southwest Airlines Co.",12,7,8,32,1036,30
"Skywest Airlines Inc.",11,2,21,21,262,13
"American Airlines Inc.",2,2,16,-1,2585,-5
"Atlantic Southeast Airlines",8,2,18,6,376,7
"United Air Lines Inc.",7,3,14,2,2398,-8
"Southwest Airlines Co.",4,3,12,-3,925,-19
"United Air Lines Inc.",8,4,16,15,888,14
"American Airlines Inc.",7,4,14,-5,813,-21
"American Airlines Inc.",12,5,13,-4,647,2
"American Airlines Inc.",7,4,32,49,337,52
"Spirit Air Lines",5,7,16,16,1749,11
"Southwest Airlines Co.",1,7,10,-5,587,-5
"US Airways Inc.",2,5,10,-1,1020,-12
"Delta Air Lines Inc.",1,4,12,-2,707,-3
"Southwest Airlines Co.",11,2,20,-4,1500,-26
"Southwest Airlines Co.",2,7,9,-1,1587,-16
"Southwest Airlines Co.",5,4,11,-5,239,-7
"Delta Air Lines Inc.",8,4,32,0,2586,8
"Hawaiian Airlines Inc.",2,7,10,-7,2349,7
"Southwest Airlines Co.",9,7,10,-4,1041,-18
"United Air Lines Inc.",5,6,27,-2,1199,14
"American Airlines Inc.",8,3,17,9,130,7
"Delta Air Lines Inc.",12,5,15,124,235,106
"Skywest Airlines Inc.",12,5,20,-3,372,-9
"Hawaiian Airlines Inc.",9,5,7,0,201,1
"Atlantic Southeast Airlines",3,7,44,7,209,26
"American Airlines Inc.",10,2,15,1,918,-4
"United Air Lines Inc.",8,1,17,21,1744,21
"United Air Lines Inc.",2,1,12,-3,315,-2
"Delta Air Lines Inc.",10,2,27,0,584,12
"Delta Air Lines Inc.",8,1,20,-8,545,-10
"Alaska Airlines Inc.",1,5,17,48,954,34
"American Airlines Inc.",12,4,13,-4,468,-8
"Southwest Airlines Co.",11,3,13,-3,486,-9
"Delta Air Lines Inc.",10,6,13,0,692,-3
"United Air Lines Inc.",3,5,20,32,1744,33
"Atlantic Southeast Airlines",10,7,12,-8,177,-20
"Skywest Airlines Inc.",7,5,14,3,588,0
"United Air Lines Inc.",7,3,8,13,200,-24
"Delta Air Lines Inc.",10,5,19,159,545,156
"Southwest Airlines Co.",3,2,6,-6,990,-24
"Skywest Airlines Inc.",11,7,16,-3,106,-3
"Atlantic Southeast Airlines",9,3,15,-6,781,-8
"Southwest Airlines Co.",11,4,17,1,577,7
"American Airlines Inc.",9,1,30,50,733,38
"United Air Lines Inc.",10,2,23,2,224,2
"United Air Lines Inc.",5,7,17,14,1721,-13
"Skywest Airlines Inc.",1,4,11,-6,358,-21
"Skywest Airlines Inc.",1,6,13,11,77,7
"Delta Air Lines Inc.",7,4,11,128,1450,126
"Skywest Airlines Inc.",3,7,15,-3,236,-14
"Frontier Airlines Inc.",12,3,16,0,606,13
"Atlantic Southeast Airlines",10,7,16,-5,589,1
"Skywest Airlines Inc.",10,1,21,-5,508,-6
"American Eagle Airlines Inc.",2,2,17,41,137,47
"JetBlue Airways",9,5,58,5,937,40
"Delta Air Lines Inc.",11,6,16,10,1399,-10
"US Airways Inc.",3,4,13,14,1773,5
"Skywest Airlines Inc.",5,6,24,63,342,64
"Delta Air Lines Inc.",1,5,19,46,944,80
"Frontier Airlines Inc.",7,4,14,-5,602,-5
"US Airways Inc.",4,3,15,18,331,16
"United Air Lines Inc.",11,3,17,71,2565,61
"Delta Air Lines Inc.",11,6,10,0,813,-18
"Virgin America",7,4,10,15,414,2
"Atlantic Southeast Airlines",10,3,22,-3,551,-8
"Southwest Airlines Co.",8,1,7,0,971,-8
"Skywest Airlines Inc.",10,5,15,-3,840,-7
"Delta Air Lines Inc.",1,5,12,6,321,1
"Southwest Airlines Co.",5,3,9,31,337,19
"American Airlines Inc.",1,5,12,8,1660,1
"Atlantic Southeast Airlines",3,6,18,-8,826,-9
"Southwest Airlines Co.",10,4,9,-2,2039,-25
"American Airlines Inc.",2,2,16,5,1055,1
"Southwest Airlines Co.",10,3,8,-5,507,2
"Skywest Airlines Inc.",2,5,21,28,109,34
"American Airlines Inc.",5,4,15,79,1440,71
"Southwest Airlines Co.",4,1,13,-4,409,-14
"American Eagle Airlines Inc.",9,3,14,12,212,-3
"Delta Air Lines Inc.",2,7,11,-2,223,-26
"Atlantic Southeast Airlines",2,7,11,-4,73,-12
"Southwest Airlines Co.",3,1,17,-2,969,0
"United Air Lines Inc.",12,4,12,-3,1065,-18
"Southwest Airlines Co.",7,2,8,3,937,-18
"Southwest Airlines Co.",12,2,17,10,1024,9
"Southwest Airlines Co.",7,7,12,7,1072,19
"Skywest Airlines Inc.",1,3,25,-5,391,4
"Southwest Airlines Co.",7,6,7,34,1209,27
"United Air Lines Inc.",8,6,14,-5,2288,2
"Southwest Airlines Co.",5,6,14,-5,1557,-20
"Spirit Air Lines",2,4,16,9,925,-8
"Delta Air Lines Inc.",11,1,16,-3,226,-9
"United Air Lines Inc.",5,3,39,-5,733,13
"Alaska Airlines Inc.",3,4,7,-9,2562,-54
"Atlantic Southeast Airlines",1,6,12,51,691,56
"Skywest Airlines Inc.",9,1,16,-8,284,-14
"Southwest Airlines Co.",3,2,9,3,793,11
"American Airlines Inc.",6,1,11,63,236,59
"Southwest Airlines Co.",4,2,10,-3,358,-4
"US Airways Inc.",6,4,31,1,1773,-14
"Atlantic Southeast Airlines",9,5,20,-6,130,-9
"United Air Lines Inc.",4,5,16,3,2454,-43
"Delta Air Lines Inc.",1,4,26,2,4502,1
"United Air Lines Inc.",5,2,16,-2,867,6
"US Airways Inc.",3,5,16,2,590,-3
"Skywest Airlines Inc.",7,4,18,28,337,17
"Southwest Airlines Co.",9,4,8,-2,251,-9
"Southwest Airlines Co.",11,7,13,18,793,17
"Delta Air Lines Inc.",3,5,16,12,226,7
"American Airlines Inc.",4,4,21,-7,1061,19
"American Airlines Inc.",1,2,13,5,2486,-7
"American Airlines Inc.",11,3,23,-9,2288,5
"Southwest Airlines Co.",7,7,9,16,1357,1
"Southwest Airlines Co.",6,7,9,2,1246,-12
"Atlantic Southeast Airlines",1,6,11,-9,201,-16
"US Airways Inc.",1,3,48,-6,226,31
"Southwest Airlines Co.",4,2,11,14,1497,13
"Southwest Airlines Co.",3,2,10,-5,1052,-15
"United Air Lines Inc.",5,6,12,154,2227,150
"Southwest Airlines Co.",5,2,7,-5,763,1
"American Eagle Airlines Inc.",9,6,13,-5,522,-1
"Southwest Airlines Co.",2,6,9,0,255,-10
"Delta Air Lines Inc.",11,2,14,-5,368,-9
"American Airlines Inc.",10,5,12,-5,550,-24
"JetBlue Airways",12,5,11,25,209,32
"Alaska Airlines Inc.",3,7,16,-2,2631,12
"Delta Air Lines Inc.",10,6,16,-4,226,-8
"Southwest Airlines Co.",10,4,14,-4,611,-7
"Skywest Airlines Inc.",12,1,12,-4,237,-17
"Skywest Airlines Inc.",3,5,31,0,337,3
"Southwest Airlines Co.",6,3,13,-3,251,-6
"American Airlines Inc.",6,4,12,-1,985,9
"United Air Lines Inc.",12,2,13,21,641,8
"American Airlines Inc.",6,3,24,2,678,-9
"Skywest Airlines Inc.",3,5,19,0,1384,-14
"Skywest Airlines Inc.",4,3,21,-9,109,-2
"American Eagle Airlines Inc.",6,1,17,37,1236,39
"United Air Lines Inc.",2,5,16,48,2611,6
"American Airlines Inc.",6,2,13,52,986,48
"United Air Lines Inc.",10,6,23,-6,628,-3
"Delta Air Lines Inc.",9,3,11,-3,306,-19
"American Airlines Inc.",3,7,39,-5,1514,37
"Delta Air Lines Inc.",10,1,11,0,620,-10
"United Air Lines Inc.",8,4,18,-3,2475,8
"Delta Air Lines Inc.",5,3,19,0,2172,7
"Atlantic Southeast Airlines",9,2,17,-8,351,-3
"Delta Air Lines Inc.",4,3,15,-5,2677,-10
"United Air Lines Inc.",4,6,15,-10,2306,-37
"American Airlines Inc.",5,6,17,-4,1121,-31
"United Air Lines Inc.",4,4,24,125,854,122
"JetBlue Airways",11,5,18,-14,2611,2
"Southwest Airlines Co.",12,4,8,50,1211,38
"American Airlines Inc.",11,4,15,-7,247,-11
"Spirit Air Lines",4,6,19,-2,1119,17
"Alaska Airlines Inc.",6,2,10,14,1542,7
"JetBlue Airways",8,5,10,-5,496,-14
"Southwest Airlines Co.",5,4,8,-2,680,-13
"Delta Air Lines Inc.",1,6,17,-5,270,-6
"Hawaiian Airlines Inc.",10,3,6,-1,201,-1
"Alaska Airlines Inc.",5,6,19,-9,954,-14
"Southwest Airlines Co.",8,6,12,13,925,-4
"Southwest Airlines Co.",2,1,9,0,287,-19
"United Air Lines Inc.",10,7,19,-2,337,-37
"Skywest Airlines Inc.",11,6,12,-1,522,-23
"Delta Air Lines Inc.",5,6,10,2,952,-16
"American Airlines Inc.",2,6,29,-1,986,14
"American Airlines Inc.",12,3,18,-4,1013,-4
"United Air Lines Inc.",5,6,25,22,258,34
"Southwest Airlines Co.",10,3,7,-5,488,-12
"Skywest Airlines Inc.",4,4,13,0,373,-6
"Delta Air Lines Inc.",7,5,10,568,590,561
"Skywest Airlines Inc.",10,5,11,-5,566,-10
"American Eagle Airlines Inc.",3,5,13,-8,396,-7
"Atlantic Southeast Airlines",3,1,11,121,448,120
"Southwest Airlines Co.",9,3,8,-2,239,-13
"Delta Air Lines Inc.",6,1,18,4,646,2
"Frontier Airlines Inc.",9,5,38,-4,1013,28
"JetBlue Airways",10,5,13,3,187,5
"Delta Air Lines Inc.",12,3,19,42,444,46
"Atlantic Southeast Airlines",10,5,17,-5,430,-11
"United Air Lines Inc.",6,2,9,-4,837,-15
"United Air Lines Inc.",12,3,13,25,2556,-7
"Delta Air Lines Inc.",3,6,8,-3,640,-20
"American Airlines Inc.",9,7,23,126,594,121
"American Airlines Inc.",2,5,28,-7,1235,14
"American Airlines Inc.",3,3,23,15,868,20
"Atlantic Southeast Airlines",12,2,11,119,1134,120
"American Airlines Inc.",8,7,15,-5,1005,-10
"JetBlue Airways",9,4,34,-6,209,2
"JetBlue Airways",8,7,35,-3,2636,-4
"Atlantic Southeast Airlines",2,5,13,-6,643,-9
"Southwest Airlines Co.",11,5,10,49,414,39
"Atlantic Southeast Airlines",1,1,9,2,429,-5
"Atlantic Southeast Airlines",11,2,29,-8,628,-7
"Delta Air Lines Inc.",10,6,22,-8,606,-15
"Delta Air Lines Inc.",11,3,9,-2,666,-10
"Southwest Airlines Co.",5,2,11,0,479,-9
"Southwest Airlines Co.",8,4,13,-3,909,2
"Southwest Airlines Co.",11,3,14,-2,1090,-22
"American Airlines Inc.",2,3,16,-2,1235,-21
"American Airlines Inc.",10,4,16,-1,599,-12
"Skywest Airlines Inc.",10,2,28,-5,237,5
"Delta Air Lines Inc.",12,4,9,-3,226,-15
"Delta Air Lines Inc.",3,6,22,-5,874,-18
"Delta Air Lines Inc.",9,7,25,-2,484,-5
"Delta Air Lines Inc.",8,1,11,87,726,69
"United Air Lines Inc.",10,1,8,-6,1068,-15
"Delta Air Lines Inc.",10,5,13,12,447,5
"American Airlines Inc.",1,1,47,3,2586,-5
"Southwest Airlines Co.",11,4,18,17,759,11
"Southwest Airlines Co.",12,1,10,24,533,17
"United Air Lines Inc.",1,4,10,3,1290,14
"Skywest Airlines Inc.",1,7,12,4,334,-6
"American Airlines Inc.",9,3,22,-3,1660,14
"American Airlines Inc.",4,2,19,-9,2615,7
"American Airlines Inc.",7,6,11,-10,936,-1
"American Eagle Airlines Inc.",5,2,36,23,296,32
"Spirit Air Lines",7,5,8,-1,557,-11
"Delta Air Lines Inc.",6,2,13,3,214,-14
"United Air Lines Inc.",8,5,14,-3,1514,-19
"Southwest Airlines Co.",11,6,10,57,1173,56
"Delta Air Lines Inc.",12,4,7,309,2182,282
"Southwest Airlines Co.",2,6,13,28,919,27
"American Eagle Airlines Inc.",3,5,11,-10,561,-5
"Southwest Airlines Co.",7,5,17,31,349,43
"Skywest Airlines Inc.",6,3,15,-3,546,-14
"Delta Air Lines Inc.",3,1,11,2,594,-12
"United Air Lines Inc.",11,5,40,0,1085,9
"American Eagle Airlines Inc.",11,2,21,8,108,5
"American Airlines Inc.",1,5,21,-5,1242,8
"JetBlue Airways",10,3,10,-6,1028,-13
"United Air Lines Inc.",9,4,17,39,1400,24
"Atlantic Southeast Airlines",6,6,15,6,551,10
"Hawaiian Airlines Inc.",9,6,9,-4,100,-7
"Delta Air Lines Inc.",7,4,15,-1,907,-6
"Hawaiian Airlines Inc.",6,7,12,1,102,2
"American Airlines Inc.",11,5,26,5,468,4
"Southwest Airlines Co.",11,1,11,1,994,-10
"Virgin America",7,4,18,-7,2475,-22
"United Air Lines Inc.",9,4,39,-3,334,11
"Spirit Air Lines",9,1,18,-1,236,-3
"Atlantic Southeast Airlines",11,1,15,-4,332,-8
"United Air Lines Inc.",7,7,13,-1,1635,-7
"American Airlines Inc.",8,3,9,16,1197,-7
"Delta Air Lines Inc.",7,6,10,-1,317,-8
"Skywest Airlines Inc.",6,6,26,-8,436,-3
"Atlantic Southeast Airlines",1,2,14,-3,642,-20
"Hawaiian Airlines Inc.",9,5,11,-5,100,-8
"Frontier Airlines Inc.",8,5,10,-3,641,-5
"Southwest Airlines Co.",4,2,17,1,236,4
"Delta Air Lines Inc.",3,2,14,-1,646,-13
"American Airlines Inc.",1,1,13,-9,1182,-17
"Southwest Airlines Co.",12,5,7,0,283,-24
"Southwest Airlines Co.",11,4,6,-2,479,-13
"Southwest Airlines Co.",9,5,23,5,1754,-15
"Delta Air Lines Inc.",10,6,12,-6,558,-17
"United Air Lines Inc.",1,3,12,-2,1416,-25
"Delta Air Lines Inc.",6,5,11,-2,448,-15
"American Airlines Inc.",10,2,10,22,175,15
"Skywest Airlines Inc.",3,7,41,-8,843,-3
"United Air Lines Inc.",11,1,49,13,1754,28
"US Airways Inc.",4,7,33,-8,363,1
"Delta Air Lines Inc.",5,7,46,0,453,24
"United Air Lines Inc.",9,7,12,-1,1754,-16
"US Airways Inc.",1,5,20,10,507,5
"Southwest Airlines Co.",7,1,22,17,647,36
"American Airlines Inc.",3,6,19,32,1514,34
"Alaska Airlines Inc.",6,7,11,-4,95,-4
"Spirit Air Lines",1,5,19,69,1237,61
"United Air Lines Inc.",6,2,12,72,804,59
"Southwest Airlines Co.",7,6,8,-5,997,3
"JetBlue Airways",3,7,21,-5,200,-18
"Southwest Airlines Co.",9,2,10,-2,697,-18
"United Air Lines Inc.",11,5,17,1,2454,-8
"Delta Air Lines Inc.",3,5,14,-3,297,-12
"Southwest Airlines Co.",10,7,8,-4,715,-19
"Southwest Airlines Co.",5,5,15,-1,515,-13
"American Airlines Inc.",9,3,12,-12,1773,-25
"American Eagle Airlines Inc.",10,5,25,0,431,3
"Southwest Airlines Co.",4,6,9,-8,861,-14
"Delta Air Lines Inc.",8,5,19,0,1005,-30
"Frontier Airlines Inc.",12,3,13,5,888,2
"Southwest Airlines Co.",12,3,13,-2,570,0
"Delta Air Lines Inc.",6,7,24,-3,666,-12
"Delta Air Lines Inc.",8,7,11,-5,317,-3
"Southwest Airlines Co.",8,2,12,-4,628,-14
"Alaska Airlines Inc.",6,6,31,-1,2777,16
"Atlantic Southeast Airlines",4,7,22,-8,212,-12
"United Air Lines Inc.",12,4,15,0,622,-9
"American Airlines Inc.",4,1,16,23,2342,14
"Skywest Airlines Inc.",3,7,8,-10,188,-17
"JetBlue Airways",12,7,15,53,266,52
"Southwest Airlines Co.",10,3,12,-4,787,-20
"Spirit Air Lines",9,3,13,-4,1119,6
"American Airlines Inc.",4,5,26,-3,1721,-18
"Skywest Airlines Inc.",5,4,19,33,224,26
"Delta Air Lines Inc.",1,6,12,-3,680,-12
"JetBlue Airways",12,6,14,1,1121,-7
"Delta Air Lines Inc.",12,6,17,12,594,-3
"United Air Lines Inc.",4,1,15,-9,1222,-10
"American Airlines Inc.",12,6,14,-5,1085,-16
"Skywest Airlines Inc.",4,5,9,-15,455,-21
"Delta Air Lines Inc.",1,3,23,-3,746,-9
"Southwest Airlines Co.",1,4,15,-2,834,2
"Atlantic Southeast Airlines",11,2,11,-9,447,-24
"Delta Air Lines Inc.",1,2,12,-4,1598,-4
"Virgin America",6,7,10,-3,414,-16
"Atlantic Southeast Airlines",2,6,20,-2,445,-18
"American Airlines Inc.",8,3,12,-4,366,-18
"JetBlue Airways",1,5,23,-6,1521,-1
"Atlantic Southeast Airlines",12,4,9,-3,458,-12
"Virgin America",2,2,13,-3,2454,2
"Spirit Air Lines",9,1,9,123,1535,102
"American Airlines Inc.",8,1,20,164,1089,146
"Southwest Airlines Co.",8,2,9,-4,237,-15
"United Air Lines Inc.",8,7,39,-7,1772,28
"Skywest Airlines Inc.",3,1,29,-4,262,14
"Skywest Airlines Inc.",5,7,14,9,1235,8
"American Airlines Inc.",2,6,13,-4,1061,5
"Southwest Airlines Co.",3,1,12,2,948,-20
"Spirit Air Lines",5,4,15,-3,925,-10
"Southwest Airlines Co.",4,5,10,-6,601,-18
"United Air Lines Inc.",5,5,14,0,862,-15
"Atlantic Southeast Airlines",7,7,19,24,1214,22
"Delta Air Lines Inc.",4,3,12,0,591,-13
"Delta Air Lines Inc.",6,3,19,-4,240,-4
"Southwest Airlines Co.",7,2,10,17,543,5
"United Air Lines Inc.",5,7,9,83,1824,70
"Skywest Airlines Inc.",11,2,12,-6,472,-10
"United Air Lines Inc.",6,5,41,66,802,90
"Southwest Airlines Co.",7,1,17,48,777,44
"Atlantic Southeast Airlines",8,2,14,-3,696,-17
"Delta Air Lines Inc.",2,2,28,-1,2139,-9
"JetBlue Airways",1,4,13,0,1097,-16
"Frontier Airlines Inc.",10,6,13,8,680,7
"Delta Air Lines Inc.",12,4,14,-5,950,-15
"Southwest Airlines Co.",4,4,10,2,692,-20
"American Airlines Inc.",7,7,13,14,600,2
"American Airlines Inc.",7,1,12,-3,978,-13
"Skywest Airlines Inc.",3,5,15,-9,507,-18
"Southwest Airlines Co.",8,1,6,15,223,3
"American Airlines Inc.",4,1,25,-5,733,21
"US Airways Inc.",6,2,8,23,304,12
"Southwest Airlines Co.",5,1,12,-6,601,-7
"Skywest Airlines Inc.",4,3,16,-6,1464,5
"Southwest Airlines Co.",2,6,11,-1,1488,-31
"Delta Air Lines Inc.",12,2,13,13,337,1
"JetBlue Airways",3,7,26,-10,301,-5
"United Air Lines Inc.",10,1,14,15,862,6
"United Air Lines Inc.",1,1,14,3,1197,-10
"Delta Air Lines Inc.",8,7,43,37,1269,69
"American Airlines Inc.",3,7,10,19,192,1
"Delta Air Lines Inc.",4,4,15,-5,594,-18
"Southwest Airlines Co.",9,5,21,2,1620,-37
"Spirit Air Lines",9,6,15,24,1076,15
"Hawaiian Airlines Inc.",10,4,10,-3,100,4
"US Airways Inc.",4,3,37,15,2125,11
"Southwest Airlines Co.",10,4,9,1,258,-8
"American Airlines Inc.",2,5,18,-6,748,-12
"JetBlue Airways",7,6,12,-3,1237,-24
"Delta Air Lines Inc.",4,4,41,55,259,79
"Southwest Airlines Co.",3,2,10,-2,793,-32
"Delta Air Lines Inc.",12,4,11,-9,629,-16
"Skywest Airlines Inc.",9,5,15,3,674,-2
"Spirit Air Lines",6,2,12,153,852,150
"JetBlue Airways",6,5,10,-1,1065,-22
"JetBlue Airways",2,2,23,111,1165,106
"Southwest Airlines Co.",5,1,12,0,1139,6
"Southwest Airlines Co.",2,3,11,132,787,126
"JetBlue Airways",1,7,15,-9,1188,-16
"Skywest Airlines Inc.",2,5,10,-6,438,-19
"Delta Air Lines Inc.",6,3,29,7,1947,9
"Skywest Airlines Inc.",5,2,19,36,130,30
"American Airlines Inc.",11,3,11,-4,427,-6
"JetBlue Airways",11,5,11,21,2248,-9
"American Airlines Inc.",3,1,10,3,569,17
"Skywest Airlines Inc.",7,4,19,-4,166,-5
"American Airlines Inc.",4,5,14,-1,1660,18
"American Airlines Inc.",11,1,21,23,1773,19
"Southwest Airlines Co.",2,3,9,-5,1090,-14
"Southwest Airlines Co.",5,1,8,32,325,31
"Virgin America",7,4,18,10,2704,-8
"Skywest Airlines Inc.",4,6,26,-7,802,0
"Atlantic Southeast Airlines",3,4,9,12,448,9
"Delta Air Lines Inc.",6,2,67,23,907,61
"American Airlines Inc.",11,7,12,-3,2075,-19
"Skywest Airlines Inc.",12,3,19,-3,228,0
"Skywest Airlines Inc.",9,2,32,-6,67,2
"American Airlines Inc.",6,1,32,19,985,26
"US Airways Inc.",5,3,11,-8,814,-7
"Southwest Airlines Co.",7,1,8,-4,1164,-23
"American Airlines Inc.",8,5,16,-1,861,10
"Skywest Airlines Inc.",10,5,9,-6,391,-25
"Atlantic Southeast Airlines",3,3,22,-10,468,3
"Delta Air Lines Inc.",10,6,17,28,321,24
"US Airways Inc.",3,2,15,-3,599,-11
"United Air Lines Inc.",10,7,12,-1,589,-23
"United Air Lines Inc.",3,7,17,44,719,35
"American Airlines Inc.",1,3,20,-1,1182,1
"American Eagle Airlines Inc.",7,3,8,-12,196,-18
"Hawaiian Airlines Inc.",8,6,12,144,163,141
"Southwest Airlines Co.",11,5,19,36,581,31
"US Airways Inc.",4,4,12,2,1303,-23
"American Eagle Airlines Inc.",8,5,8,-5,196,-14
"Atlantic Southeast Airlines",3,5,13,-9,403,-14
"Southwest Airlines Co.",9,1,11,-3,546,-1
"Atlantic Southeast Airlines",3,7,18,0,628,-5
"Southwest Airlines Co.",10,4,9,-5,402,-18
"Delta Air Lines Inc.",5,5,12,-6,201,-18
"JetBlue Airways",2,3,29,-5,1065,-8
"Southwest Airlines Co.",9,3,10,6,220,-9
"American Eagle Airlines Inc.",3,7,14,-9,130,-10
"United Air Lines Inc.",7,7,16,-3,2398,-28
"Southwest Airlines Co.",3,7,10,-1,853,-18
"Delta Air Lines Inc.",6,6,60,27,270,65
"US Airways Inc.",4,7,32,-2,1276,9
"United Air Lines Inc.",10,2,40,-4,719,-1
"Skywest Airlines Inc.",4,3,8,-5,574,-17
"Delta Air Lines Inc.",2,1,20,-3,153,-1
"American Airlines Inc.",8,1,21,0,2402,-9
"Southwest Airlines Co.",2,2,12,-5,588,-19
"Atlantic Southeast Airlines",7,3,18,0,562,-2
"Southwest Airlines Co.",9,7,11,-5,393,-10
"Skywest Airlines Inc.",8,4,10,-6,343,-15
"Southwest Airlines Co.",12,1,7,5,1790,-17
"Atlantic Southeast Airlines",2,1,17,-4,201,-6
"Atlantic Southeast Airlines",4,2,7,-10,557,-26
"Delta Air Lines Inc.",7,5,16,-2,526,-19
"United Air Lines Inc.",3,2,14,-4,937,-25
"Delta Air Lines Inc.",8,2,15,20,581,6
"American Airlines Inc.",10,3,12,-5,980,-22
"American Airlines Inc.",9,5,12,-3,1916,-15
"Southwest Airlines Co.",8,2,10,-4,226,-7
"Atlantic Southeast Airlines",12,5,15,-6,284,-18
"US Airways Inc.",5,5,24,-5,1475,0
"Skywest Airlines Inc.",10,5,19,3,337,-4
"American Airlines Inc.",11,7,11,-2,1188,-23
"Southwest Airlines Co.",5,6,5,22,236,16
"Southwest Airlines Co.",6,2,9,1,338,1
"Atlantic Southeast Airlines",3,6,10,-2,323,-15
"Atlantic Southeast Airlines",12,5,30,4,363,22
"Alaska Airlines Inc.",7,1,13,89,763,97
"Southwest Airlines Co.",4,2,6,-2,405,-14
"Skywest Airlines Inc.",10,7,10,-6,817,-12
"Atlantic Southeast Airlines",11,1,13,-3,468,-10
"Skywest Airlines Inc.",10,3,14,-5,964,-17
"American Airlines Inc.",7,1,15,16,700,7
"American Airlines Inc.",10,3,13,24,529,12
"Delta Air Lines Inc.",9,7,33,3,337,12
"United Air Lines Inc.",5,4,15,-3,1635,7
"US Airways Inc.",1,1,18,-6,507,-7
"Spirit Air Lines",10,1,11,-8,466,-18
"American Airlines Inc.",3,5,16,62,2218,60
"Delta Air Lines Inc.",8,6,21,-5,1947,-17
"Southwest Airlines Co.",9,3,18,2,646,-8
"US Airways Inc.",6,4,46,-4,2406,10
"Southwest Airlines Co.",8,7,14,-1,986,-1
"American Airlines Inc.",7,1,13,-3,1061,-14
"American Airlines Inc.",2,1,12,-2,1721,-5
"Atlantic Southeast Airlines",9,2,9,88,287,70
"United Air Lines Inc.",4,2,15,-4,837,-12
"Frontier Airlines Inc.",12,4,86,14,1199,89
"Southwest Airlines Co.",1,4,13,-5,758,-19
"Virgin America",8,2,13,5,236,5
"Southwest Airlines Co.",3,6,13,10,414,5
"Delta Air Lines Inc.",9,3,19,-7,448,-6
"Southwest Airlines Co.",10,1,16,-5,523,-4
"Southwest Airlines Co.",9,7,9,-3,777,-15
"American Airlines Inc.",12,2,15,-3,2585,-27
"Southwest Airlines Co.",4,1,10,-6,471,-18
"Skywest Airlines Inc.",11,4,27,-4,205,6
"Atlantic Southeast Airlines",3,4,13,1,374,-9
"Delta Air Lines Inc.",12,6,10,-1,447,-21
"Skywest Airlines Inc.",3,7,22,5,576,2
"Southwest Airlines Co.",5,6,10,-6,255,-20
"US Airways Inc.",2,4,14,-3,1276,-12
"Southwest Airlines Co.",11,1,19,3,762,-34
"Southwest Airlines Co.",10,4,19,-1,680,-4
"American Airlines Inc.",12,3,16,17,224,8
"Atlantic Southeast Airlines",2,4,29,-4,98,-7
"Delta Air Lines Inc.",1,2,25,128,184,130
"United Air Lines Inc.",2,6,18,-1,1085,31
"JetBlue Airways",5,1,15,-4,1035,46
"Hawaiian Airlines Inc.",11,6,8,-8,102,-6
"Spirit Air Lines",9,7,10,-8,733,-30
"American Eagle Airlines Inc.",11,3,11,-6,364,-16
"Southwest Airlines Co.",6,3,8,8,869,1
"American Airlines Inc.",11,2,28,-4,641,-7
"Southwest Airlines Co.",11,4,18,10,386,9
"Southwest Airlines Co.",2,7,8,-4,882,-16
"Southwest Airlines Co.",3,4,21,7,347,8
"Delta Air Lines Inc.",3,1,11,-6,317,-11
"Delta Air Lines Inc.",6,1,16,19,235,13
"American Airlines Inc.",7,1,20,-6,2475,-14
"United Air Lines Inc.",11,2,20,19,1635,-1
"Alaska Airlines Inc.",8,7,16,-9,834,-17
"Atlantic Southeast Airlines",9,7,17,-5,475,-7
"JetBlue Airways",2,3,12,-4,1598,8
"Atlantic Southeast Airlines",10,2,12,-7,645,-22
"Southwest Airlines Co.",1,2,11,-5,1067,-25
"Virgin America",2,6,10,5,679,11
"American Airlines Inc.",6,5,14,-6,813,-17
"Delta Air Lines Inc.",9,7,12,-4,581,-26
"Delta Air Lines Inc.",3,7,15,26,332,16
"Southwest Airlines Co.",9,4,12,2,1751,-25
"Skywest Airlines Inc.",11,6,15,0,373,-10
"Delta Air Lines Inc.",3,2,8,8,290,6
"Alaska Airlines Inc.",2,5,10,0,2329,-24
"Atlantic Southeast Airlines",4,5,21,-6,501,0
"Delta Air Lines Inc.",5,1,17,0,731,-7
"JetBlue Airways",2,2,16,17,354,20
"American Airlines Inc.",2,1,9,3,1139,3
"Atlantic Southeast Airlines",7,4,26,1,696,21
"American Eagle Airlines Inc.",7,7,10,-4,783,-22
"American Airlines Inc.",11,7,13,-5,650,-21
"Southwest Airlines Co.",5,7,11,36,1371,29
"Atlantic Southeast Airlines",9,7,7,-4,179,-20
"JetBlue Airways",7,1,24,-3,2475,-39
"Delta Air Lines Inc.",12,2,23,101,1405,88
"JetBlue Airways",7,3,5,27,173,-2
"Virgin America",6,5,12,-2,2454,-12
"American Airlines Inc.",9,5,12,-3,759,-15
"Delta Air Lines Inc.",5,5,12,-6,341,-21
"Hawaiian Airlines Inc.",4,1,6,-2,216,-7
"Southwest Airlines Co.",3,2,9,-2,239,-9
"Atlantic Southeast Airlines",1,4,10,-4,371,-18
"United Air Lines Inc.",12,4,12,6,1452,-3
"Southwest Airlines Co.",10,6,13,0,409,4
"American Airlines Inc.",8,3,11,5,852,-11
"Delta Air Lines Inc.",7,3,17,12,270,8
"Skywest Airlines Inc.",8,1,17,-4,651,-10
"Delta Air Lines Inc.",6,4,12,20,1214,3
"Alaska Airlines Inc.",11,5,11,-8,933,-10
"Atlantic Southeast Airlines",2,7,18,6,100,0
"Delta Air Lines Inc.",2,5,14,-2,746,-7
"Atlantic Southeast Airlines",11,2,46,24,419,25
"United Air Lines Inc.",5,5,34,-1,403,10
"American Airlines Inc.",12,1,13,3,304,-3
"Southwest Airlines Co.",9,2,10,43,697,41
"JetBlue Airways",3,2,11,19,1226,28
"Alaska Airlines Inc.",2,3,18,-3,834,-14
"JetBlue Airways",12,6,17,-5,1010,-14
"JetBlue Airways",3,4,63,38,2475,44
"Southwest Airlines Co.",11,2,6,-3,1506,0
"Alaska Airlines Inc.",10,5,18,-9,2335,-7
"American Eagle Airlines Inc.",8,5,27,-7,164,-2
"Atlantic Southeast Airlines",7,4,17,-2,912,8
"Southwest Airlines Co.",3,5,22,0,1148,-14
"JetBlue Airways",6,5,12,70,728,58
"Skywest Airlines Inc.",11,6,10,-7,804,3
"American Airlines Inc.",9,5,20,-3,651,-17
"Southwest Airlines Co.",12,1,8,-3,647,-16
"Southwest Airlines Co.",1,2,10,-7,1246,-12
"United Air Lines Inc.",11,2,16,0,1208,-12
"JetBlue Airways",9,3,51,-9,899,19
"US Airways Inc.",4,7,16,1,1107,-3
"American Airlines Inc.",7,4,56,5,1389,39
"Southwest Airlines Co.",3,2,12,-6,1105,-3
"Skywest Airlines Inc.",7,5,15,0,196,6
"Spirit Air Lines",1,1,46,60,1389,47
"American Airlines Inc.",11,7,12,7,951,14
"Skywest Airlines Inc.",2,4,12,19,287,2
"Southwest Airlines Co.",1,1,10,-2,562,-9
"Delta Air Lines Inc.",2,7,14,-3,1005,9
"Delta Air Lines Inc.",7,6,13,34,1547,20
"Skywest Airlines Inc.",10,6,17,-5,563,-16
"United Air Lines Inc.",11,4,52,4,733,10
"US Airways Inc.",3,2,12,-3,1276,-19
"Atlantic Southeast Airlines",2,6,21,-9,182,-10
"Skywest Airlines Inc.",4,1,14,-5,373,1
"American Eagle Airlines Inc.",12,5,15,0,438,-8
"Southwest Airlines Co.",2,4,11,85,849,82
"American Airlines Inc.",12,2,10,68,920,75
"Delta Air Lines Inc.",2,1,18,6,368,-2
"American Airlines Inc.",8,2,12,0,1009,1
"Southwest Airlines Co.",12,2,27,0,338,11
"Southwest Airlines Co.",7,7,17,7,1587,-13
"Delta Air Lines Inc.",8,5,28,-2,1587,0
"Atlantic Southeast Airlines",10,2,13,-4,771,-13
"Delta Air Lines Inc.",9,5,16,-4,1865,-17
"Delta Air Lines Inc.",1,7,12,-5,214,-11
"American Airlines Inc.",8,4,13,-2,632,1
"American Airlines Inc.",7,2,15,8,666,10
"American Airlines Inc.",9,1,25,-3,1431,-6
"JetBlue Airways",8,6,13,-6,612,-16
"Skywest Airlines Inc.",1,6,14,1,1384,3
"Southwest Airlines Co.",4,1,14,-7,628,-11
"United Air Lines Inc.",3,7,18,47,589,34
"Atlantic Southeast Airlines",12,2,22,-6,155,-10
"Skywest Airlines Inc.",1,7,13,68,1042,53
"Atlantic Southeast Airlines",5,5,16,-7,137,-10
"American Airlines Inc.",8,3,20,-5,666,-7
"Southwest Airlines Co.",5,3,13,-1,569,-5
"Delta Air Lines Inc.",3,6,14,0,528,-12
"Delta Air Lines Inc.",8,3,14,-1,606,-12
"American Airlines Inc.",8,5,14,22,192,19
"Atlantic Southeast Airlines",5,6,26,-1,416,-2
"Delta Air Lines Inc.",2,1,11,3,404,-5
"American Airlines Inc.",7,3,12,-3,678,-27
"United Air Lines Inc.",1,6,11,85,1846,54
"Alaska Airlines Inc.",12,4,24,-6,954,-11
"JetBlue Airways",12,6,8,-1,899,-13
"Southwest Airlines Co.",7,5,10,-7,349,-12
"Alaska Airlines Inc.",3,1,13,-2,954,-5
"United Air Lines Inc.",7,5,26,-2,2475,-19
"Atlantic Southeast Airlines",9,7,8,-4,241,-5
"Delta Air Lines Inc.",12,1,15,-4,1035,-34
"Delta Air Lines Inc.",4,6,21,66,164,62
"United Air Lines Inc.",8,5,15,89,372,80
"American Eagle Airlines Inc.",9,6,8,-2,435,-17
"Southwest Airlines Co.",12,2,14,97,672,100
"Delta Air Lines Inc.",3,5,20,-2,1299,-15
"American Eagle Airlines Inc.",12,3,8,-13,157,-29
"JetBlue Airways",8,1,11,-10,612,-4
"American Airlines Inc.",12,1,15,6,1068,3
"Spirit Air Lines",6,1,23,33,502,25
"Delta Air Lines Inc.",4,6,13,-9,859,1
"Skywest Airlines Inc.",2,6,38,-9,784,4
"Skywest Airlines Inc.",6,2,12,-5,1107,-20
"Atlantic Southeast Airlines",12,3,17,70,383,66
"Delta Air Lines Inc.",5,4,32,-4,594,-4
"Atlantic Southeast Airlines",2,2,11,59,599,51
"Delta Air Lines Inc.",11,4,17,4,590,0
"Southwest Airlines Co.",1,4,18,2,1276,-13
"JetBlue Airways",8,4,21,-3,369,-7
"United Air Lines Inc.",5,1,12,49,1452,30
"Atlantic Southeast Airlines",8,5,13,41,542,26
"Southwest Airlines Co.",2,2,11,-4,1671,-26
"Hawaiian Airlines Inc.",5,4,17,-4,163,2
"Delta Air Lines Inc.",4,2,13,0,581,-20
"American Airlines Inc.",7,6,16,6,612,-5
"United Air Lines Inc.",3,1,16,28,1726,33
"Atlantic Southeast Airlines",10,7,14,-4,445,-5
"United Air Lines Inc.",1,6,11,10,862,9
"American Eagle Airlines Inc.",4,1,9,9,328,4
"Hawaiian Airlines Inc.",11,5,15,-2,216,-1
"Skywest Airlines Inc.",11,2,19,-10,238,-6
"Southwest Airlines Co.",10,2,7,1,879,-8
"Southwest Airlines Co.",10,2,11,-1,1984,-17
"Southwest Airlines Co.",11,3,11,-4,1072,-8
"Delta Air Lines Inc.",12,2,10,-3,874,-20
"United Air Lines Inc.",7,2,20,5,888,-1
"Delta Air Lines Inc.",2,5,19,9,1590,-18
"US Airways Inc.",1,5,32,-5,1440,10
"Skywest Airlines Inc.",12,7,24,112,363,132
"American Airlines Inc.",7,4,14,10,1464,2
"Alaska Airlines Inc.",4,4,11,-5,2496,-27
"Skywest Airlines Inc.",12,7,25,-4,296,-2
"American Airlines Inc.",2,6,10,9,1055,-4
"Virgin America",12,5,12,-2,2565,-2
"Skywest Airlines Inc.",6,7,13,-7,1075,-15
"Atlantic Southeast Airlines",8,2,9,-8,192,-14
"Delta Air Lines Inc.",10,4,21,8,373,3
"Delta Air Lines Inc.",9,6,16,-3,1299,-12
"American Airlines Inc.",5,5,22,-1,918,7
"United Air Lines Inc.",11,1,19,-7,599,-9
"American Eagle Airlines Inc.",2,2,16,-6,695,-16
"Southwest Airlines Co.",2,1,13,-4,1199,2
"Alaska Airlines Inc.",9,6,11,-13,873,-16
"United Air Lines Inc.",1,7,15,-2,1290,8
"Southwest Airlines Co.",8,6,11,6,977,-16
"Southwest Airlines Co.",12,7,10,482,397,477
"Delta Air Lines Inc.",11,3,22,43,2519,27
"American Eagle Airlines Inc.",8,4,6,-14,122,-25
"Southwest Airlines Co.",2,7,12,-2,1189,-12
"Hawaiian Airlines Inc.",8,1,11,-8,163,-5
"Hawaiian Airlines Inc.",8,1,20,9,2398,18
"Delta Air Lines Inc.",2,1,14,2,270,7
"Delta Air Lines Inc.",3,3,14,34,1299,5
"Atlantic Southeast Airlines",1,4,11,0,223,-11
"Frontier Airlines Inc.",8,7,24,6,1250,5
"American Eagle Airlines Inc.",3,2,14,4,273,3
"United Air Lines Inc.",12,4,11,86,1491,58
"Delta Air Lines Inc.",11,6,24,-2,2586,-36
"Southwest Airlines Co.",6,2,17,149,289,145
"Southwest Airlines Co.",3,5,10,-7,1482,-9
"American Eagle Airlines Inc.",8,6,8,-7,158,-18
"Atlantic Southeast Airlines",7,4,10,-12,429,-8
"Southwest Airlines Co.",6,2,12,42,861,31
"Delta Air Lines Inc.",11,2,22,-5,447,-1
"Delta Air Lines Inc.",1,7,14,5,373,-7
"Virgin America",10,1,9,-1,189,1
"Skywest Airlines Inc.",2,5,19,-3,575,-4
"United Air Lines Inc.",7,1,24,2,337,-4
"JetBlue Airways",3,4,19,46,1076,24
"Skywest Airlines Inc.",2,7,12,-2,594,-30
"Southwest Airlines Co.",4,4,6,-3,480,-8
"Southwest Airlines Co.",7,7,11,80,472,79
"Alaska Airlines Inc.",11,6,7,-5,571,-8
"Spirit Air Lines",12,7,11,-7,1334,-26
"Atlantic Southeast Airlines",3,1,14,-4,975,-13
"Atlantic Southeast Airlines",5,7,11,-10,201,-14
"United Air Lines Inc.",3,1,14,-2,455,15
"Southwest Airlines Co.",2,7,8,-6,302,-13
"Southwest Airlines Co.",4,7,10,8,480,6
"Skywest Airlines Inc.",12,4,35,-3,455,10
"Delta Air Lines Inc.",10,4,17,-3,406,-5
"Southwest Airlines Co.",1,2,7,-2,2329,-6
"Alaska Airlines Inc.",11,5,15,-5,2701,-44
"Southwest Airlines Co.",1,7,13,0,507,-3
"Atlantic Southeast Airlines",3,1,12,185,667,180
"Southwest Airlines Co.",3,3,13,3,447,-2
"Delta Air Lines Inc.",7,4,30,0,2422,-14
"Skywest Airlines Inc.",10,2,34,-1,964,10
"Southwest Airlines Co.",3,4,22,10,1797,5
"Skywest Airlines Inc.",11,6,12,-3,118,-8
"JetBlue Airways",8,6,33,13,541,-7
"United Air Lines Inc.",11,5,13,-9,1034,-21
"Spirit Air Lines",8,4,22,7,334,8
"Delta Air Lines Inc.",3,2,11,13,1199,-5
"United Air Lines Inc.",7,4,19,0,804,-15
"Skywest Airlines Inc.",5,2,23,-6,558,-11
"JetBlue Airways",6,1,17,5,2611,21
"Southwest Airlines Co.",11,2,12,-7,829,-9
"Southwest Airlines Co.",8,5,8,7,281,6
"Southwest Airlines Co.",5,6,7,13,990,8
"Delta Air Lines Inc.",5,2,8,-3,931,-28
"Southwest Airlines Co.",4,1,7,0,446,-7
"Delta Air Lines Inc.",11,2,11,-6,1865,-14
"Atlantic Southeast Airlines",10,4,9,2,667,-3
"Skywest Airlines Inc.",7,6,17,-8,836,-3
"American Eagle Airlines Inc.",2,4,26,18,630,107
"Skywest Airlines Inc.",10,7,21,-7,887,9
"Atlantic Southeast Airlines",7,2,11,-6,399,-14
"Delta Air Lines Inc.",4,3,12,-4,422,17
"Delta Air Lines Inc.",8,2,12,13,1620,-6
"Southwest Airlines Co.",8,7,11,2,302,-3
"Spirit Air Lines",5,6,7,4,1062,-10
"Atlantic Southeast Airlines",7,3,12,5,295,2
"JetBlue Airways",11,4,19,218,1182,221
"Delta Air Lines Inc.",12,4,24,-3,184,-6
"Southwest Airlines Co.",11,2,24,-1,967,-21
"American Airlines Inc.",1,1,49,44,740,39
"Delta Air Lines Inc.",2,1,16,15,502,1
"Southwest Airlines Co.",5,7,9,2,405,-4
"American Eagle Airlines Inc.",9,1,14,-4,215,-14
"Hawaiian Airlines Inc.",10,3,8,18,102,17
"Atlantic Southeast Airlines",8,3,11,20,363,9
"Southwest Airlines Co.",1,4,11,-1,2295,-45
"Delta Air Lines Inc.",9,4,11,1,425,-12
"Skywest Airlines Inc.",6,7,15,30,775,19
"Southwest Airlines Co.",10,7,10,15,748,-1
"Alaska Airlines Inc.",3,5,16,-13,1107,-22
"American Airlines Inc.",1,2,10,-8,802,-3
"Delta Air Lines Inc.",9,1,12,-3,341,-10
"Frontier Airlines Inc.",6,7,22,258,862,278
"US Airways Inc.",6,4,14,-6,500,-20
"US Airways Inc.",3,5,10,4,683,-17
"Hawaiian Airlines Inc.",7,7,16,-3,100,0
"Atlantic Southeast Airlines",3,6,13,-2,689,-6
"Atlantic Southeast Airlines",5,5,25,-2,925,-6
"Atlantic Southeast Airlines",5,4,12,-5,627,7
"JetBlue Airways",2,2,13,-10,867,-24
"Atlantic Southeast Airlines",6,3,9,8,1024,-9
"Delta Air Lines Inc.",4,7,15,-3,666,-23
"American Eagle Airlines Inc.",9,4,9,-11,641,-29
"American Airlines Inc.",7,1,17,-3,802,-17
"Atlantic Southeast Airlines",6,7,91,69,569,139
"Skywest Airlines Inc.",8,4,17,-12,236,-19
"Atlantic Southeast Airlines",4,5,15,-2,774,-10
"Skywest Airlines Inc.",2,1,18,15,588,5
"American Airlines Inc.",7,1,16,20,529,14
"Skywest Airlines Inc.",11,5,23,-4,262,-8
"United Air Lines Inc.",8,1,16,0,964,-13
"US Airways Inc.",2,3,11,-5,399,-20
"Atlantic Southeast Airlines",7,4,21,14,533,14
"Spirit Air Lines",6,4,15,-8,466,-2
"Delta Air Lines Inc.",6,3,19,-1,1042,-14
"Southwest Airlines Co.",7,1,15,-5,302,-8
"American Airlines Inc.",4,3,9,-8,460,-15
"Southwest Airlines Co.",1,2,12,0,1747,-17
"Atlantic Southeast Airlines",11,1,13,-7,643,-4
"American Eagle Airlines Inc.",5,6,13,-8,888,-43
"Delta Air Lines Inc.",10,3,24,-3,184,3
"JetBlue Airways",2,6,16,10,1189,8
"Southwest Airlines Co.",7,7,12,-3,562,6
"Southwest Airlines Co.",3,7,7,-3,569,-1
"US Airways Inc.",3,3,16,-6,599,-19
"Atlantic Southeast Airlines",12,2,11,-8,253,-18
"JetBlue Airways",3,5,14,10,399,-8
"Southwest Airlines Co.",8,7,13,5,843,-4
"Frontier Airlines Inc.",8,2,11,6,628,-2
"American Airlines Inc.",12,7,20,-2,541,-14
"Southwest Airlines Co.",2,7,12,-1,674,-26
"Frontier Airlines Inc.",3,4,10,-7,888,-6
"United Air Lines Inc.",4,4,13,27,862,24
"Atlantic Southeast Airlines",1,1,13,-10,1157,-11
"Delta Air Lines Inc.",3,1,18,2,404,6
"American Airlines Inc.",10,4,10,22,431,2
"Southwest Airlines Co.",12,3,9,46,1521,27
"Southwest Airlines Co.",11,1,15,3,236,1
"United Air Lines Inc.",2,3,10,-3,472,-21
"United Air Lines Inc.",6,1,27,60,689,72
"Southwest Airlines Co.",12,6,8,7,1750,-14
"US Airways Inc.",6,7,13,50,2402,14
"Atlantic Southeast Airlines",4,5,19,96,946,121
"Spirit Air Lines",12,4,13,4,946,-10
"Delta Air Lines Inc.",12,2,14,-3,1076,-7
"Delta Air Lines Inc.",6,5,20,0,1931,-6
"Hawaiian Airlines Inc.",7,5,8,9,102,14
"Skywest Airlines Inc.",9,5,14,-6,300,-10
"Delta Air Lines Inc.",3,2,16,12,545,-2
"American Airlines Inc.",9,2,18,-1,2296,-13
"Delta Air Lines Inc.",5,1,20,3,1501,-15
"American Airlines Inc.",10,7,10,-6,247,-18
"Delta Air Lines Inc.",4,7,17,-3,448,-10
"Delta Air Lines Inc.",4,5,13,-4,1310,5
"American Eagle Airlines Inc.",4,1,12,11,802,10
"Southwest Airlines Co.",6,3,21,3,349,11
"United Air Lines Inc.",2,3,27,35,628,36
"American Eagle Airlines Inc.",10,2,11,109,461,80
"United Air Lines Inc.",3,7,17,-3,1874,-7
"United Air Lines Inc.",1,6,13,5,2288,27
"Alaska Airlines Inc.",2,3,9,-4,2562,-6
"American Airlines Inc.",5,2,25,-2,1372,-6
"American Airlines Inc.",5,5,16,-2,192,-15
"Atlantic Southeast Airlines",8,7,16,-9,116,-19
"Southwest Airlines Co.",2,3,6,-2,447,-12
"Atlantic Southeast Airlines",4,7,16,-5,772,-22
"Southwest Airlines Co.",5,2,11,21,825,13
"Delta Air Lines Inc.",12,4,14,-7,731,-16
"Delta Air Lines Inc.",3,3,22,-4,1448,-15
"Delta Air Lines Inc.",4,4,34,34,484,38
"Southwest Airlines Co.",9,7,13,1,2295,-1
"Skywest Airlines Inc.",1,1,27,-7,261,-3
"Alaska Airlines Inc.",7,7,12,-5,867,-6
"Delta Air Lines Inc.",7,4,9,3,526,-7
"JetBlue Airways",11,6,16,-2,187,-13
"American Airlines Inc.",9,2,27,-5,728,-9
"Delta Air Lines Inc.",1,5,14,2,1535,-5
"Southwest Airlines Co.",7,4,10,-3,998,19
"Atlantic Southeast Airlines",7,6,13,1,748,-27
"JetBlue Airways",5,4,20,-5,1754,-5
"United Air Lines Inc.",7,4,11,7,349,1
"Southwest Airlines Co.",12,1,14,45,526,36
"JetBlue Airways",3,7,14,-6,612,1
"Skywest Airlines Inc.",5,7,17,-8,110,-15
"US Airways Inc.",1,6,11,-7,603,-8
"American Eagle Airlines Inc.",6,3,13,-7,409,-21
"United Air Lines Inc.",10,1,14,0,1744,-21
"American Eagle Airlines Inc.",3,3,11,-2,224,-13
"Alaska Airlines Inc.",3,7,12,5,2554,-8
"Southwest Airlines Co.",11,1,10,3,347,-2
"American Airlines Inc.",11,1,25,6,304,3
"United Air Lines Inc.",6,3,14,-2,966,-11
"Atlantic Southeast Airlines",8,3,21,-3,153,-3
"American Airlines Inc.",11,5,11,0,1235,-1
"Delta Air Lines Inc.",9,5,13,12,321,4
"Delta Air Lines Inc.",8,1,23,-1,425,4
"Delta Air Lines Inc.",9,6,19,-5,226,-23
"Skywest Airlines Inc.",12,3,13,1,455,-4
"Skywest Airlines Inc.",6,5,23,-8,109,-24
"United Air Lines Inc.",8,4,13,0,1024,-6
"United Air Lines Inc.",9,5,11,-1,1846,-16
"Atlantic Southeast Airlines",6,6,10,-10,627,-31
"Skywest Airlines Inc.",9,1,19,-10,588,-1
"Southwest Airlines Co.",5,6,13,-1,327,-4
"American Airlines Inc.",11,7,14,-3,603,-14
"Southwest Airlines Co.",4,4,21,0,1694,5
"Atlantic Southeast Airlines",11,5,13,-6,166,-14
"Southwest Airlines Co.",6,5,8,-6,452,-19
"United Air Lines Inc.",6,2,18,13,2556,4
"American Eagle Airlines Inc.",5,5,17,-4,247,-13
"United Air Lines Inc.",2,2,22,-3,888,-18
"Skywest Airlines Inc.",8,2,12,-2,871,-3
"Hawaiian Airlines Inc.",5,6,7,-5,100,-6
"Southwest Airlines Co.",4,7,6,-5,691,-10
"Southwest Airlines Co.",11,6,6,-1,226,-14
"United Air Lines Inc.",7,5,18,-3,1846,-23
"Southwest Airlines Co.",1,6,16,-5,909,-4
"Southwest Airlines Co.",8,1,13,1,896,-4
"Delta Air Lines Inc.",11,4,15,-4,250,-11
"American Airlines Inc.",7,3,9,-1,1303,-17
"United Air Lines Inc.",5,1,16,0,937,4
"United Air Lines Inc.",3,2,10,79,622,84
"Southwest Airlines Co.",7,2,17,2,1750,1
"Atlantic Southeast Airlines",11,6,10,42,771,22
"United Air Lines Inc.",4,3,14,-3,854,-20
"Southwest Airlines Co.",6,2,10,27,197,18
"American Airlines Inc.",11,7,20,3,2174,-2
"United Air Lines Inc.",11,2,13,3,2611,-28
"American Eagle Airlines Inc.",1,3,9,56,215,46
"Delta Air Lines Inc.",11,3,12,-7,1096,-14
"Spirit Air Lines",9,7,12,16,2173,11
"Atlantic Southeast Airlines",2,3,9,2,429,-1
"United Air Lines Inc.",6,7,23,0,1325,-6
"Delta Air Lines Inc.",2,1,7,6,356,11
"Southwest Airlines Co.",1,2,8,9,1947,17
"American Airlines Inc.",11,2,24,-4,1171,-1
"American Airlines Inc.",7,5,22,-8,867,-14
"Delta Air Lines Inc.",9,5,13,-1,689,-3
"Southwest Airlines Co.",5,3,8,-6,667,-13
"Southwest Airlines Co.",2,5,15,87,990,92
"Atlantic Southeast Airlines",1,5,11,-5,674,-2
"Atlantic Southeast Airlines",3,2,19,35,508,21
"American Airlines Inc.",12,2,10,-8,1242,-32
"Skywest Airlines Inc.",12,4,19,3,190,-1
"Southwest Airlines Co.",3,5,14,34,296,34
"Southwest Airlines Co.",6,5,11,2,543,-7
"Southwest Airlines Co.",5,3,11,-1,551,-10
"Southwest Airlines Co.",7,4,11,11,516,9
"JetBlue Airways",12,3,13,80,1111,76
"American Airlines Inc.",12,1,21,14,290,11
"Southwest Airlines Co.",1,5,11,-6,859,-24
"Southwest Airlines Co.",7,5,19,67,549,70
"Southwest Airlines Co.",1,7,9,-4,281,-24
"Southwest Airlines Co.",11,1,24,-1,651,3
"Atlantic Southeast Airlines",10,3,15,-5,482,-15
"American Airlines Inc.",5,5,12,-6,224,-17
"Atlantic Southeast Airlines",4,4,18,-3,692,-3
"Southwest Airlines Co.",6,3,12,28,590,25
"Skywest Airlines Inc.",7,1,25,-2,546,-10
"Southwest Airlines Co.",4,2,8,1,816,4
"American Airlines Inc.",4,7,25,0,1089,-7
"Southwest Airlines Co.",5,4,17,3,883,-11
"Southwest Airlines Co.",6,1,6,12,258,6
"Delta Air Lines Inc.",4,2,12,-2,874,-7
"American Eagle Airlines Inc.",7,4,17,-8,108,2
"Spirit Air Lines",12,4,10,-5,1222,-10
"Skywest Airlines Inc.",7,4,19,-1,590,-7
"Southwest Airlines Co.",4,7,14,-5,436,-2
"Skywest Airlines Inc.",6,7,9,-6,258,-14
"Delta Air Lines Inc.",12,2,12,-2,946,-31
"Atlantic Southeast Airlines",4,7,15,10,201,12
"Atlantic Southeast Airlines",4,1,15,4,849,-2
"Southwest Airlines Co.",12,1,13,-4,373,-5
"United Air Lines Inc.",2,5,13,13,964,7
"Delta Air Lines Inc.",4,3,17,-2,547,-11
"JetBlue Airways",6,7,21,-4,1046,-5
"Southwest Airlines Co.",4,4,8,9,480,5
"United Air Lines Inc.",8,6,16,-1,413,-11
"Southwest Airlines Co.",7,1,19,-1,337,-2
"Delta Air Lines Inc.",3,4,15,12,1671,9
"Atlantic Southeast Airlines",12,4,11,-4,201,-9
"United Air Lines Inc.",5,5,13,-5,2475,-7
"Delta Air Lines Inc.",12,7,27,30,250,35
"Southwest Airlines Co.",10,1,11,-2,1164,-11
"Alaska Airlines Inc.",2,4,15,-2,834,-14
"Hawaiian Airlines Inc.",3,5,13,-6,2556,23
"American Airlines Inc.",7,3,11,-4,813,-13
"American Airlines Inc.",9,2,21,1,1726,22
"Delta Air Lines Inc.",7,5,10,0,448,-17
"Southwest Airlines Co.",7,4,11,18,423,11
"Delta Air Lines Inc.",5,6,18,-9,936,-5
"Southwest Airlines Co.",4,6,9,-2,486,-9
"American Airlines Inc.",3,2,15,-2,1258,-8
"Delta Air Lines Inc.",2,4,10,15,453,-8
"American Airlines Inc.",8,5,13,-3,192,-8
"American Airlines Inc.",9,5,14,-3,590,-4
"Atlantic Southeast Airlines",8,6,29,-5,302,3
"JetBlue Airways",4,6,16,0,2248,-16
"Skywest Airlines Inc.",8,6,14,31,956,23
"United Air Lines Inc.",8,3,12,-3,1199,-25
"Southwest Airlines Co.",7,7,8,-2,1609,-14
"Delta Air Lines Inc.",2,5,15,29,425,23
"Delta Air Lines Inc.",3,7,30,-1,507,1
"American Airlines Inc.",1,4,12,-4,2288,-24
"American Airlines Inc.",9,3,17,-5,366,-13
"Southwest Airlines Co.",2,3,23,-4,667,5
"Southwest Airlines Co.",7,6,9,-2,395,-13
"US Airways Inc.",1,5,22,0,361,-2
"Atlantic Southeast Airlines",9,5,32,-10,463,-15
"Delta Air Lines Inc.",6,1,18,3,356,-14
"American Eagle Airlines Inc.",5,2,11,-3,158,-12
"United Air Lines Inc.",4,5,14,-5,191,-11
"JetBlue Airways",1,4,15,-5,1069,-21
"Southwest Airlines Co.",1,5,21,-4,1452,-1
"Skywest Airlines Inc.",12,6,43,0,770,25
"United Air Lines Inc.",4,3,22,-3,416,-14
"United Air Lines Inc.",9,2,38,1,1190,22
"Southwest Airlines Co.",2,3,13,-6,414,-8
"Southwest Airlines Co.",4,7,11,1,861,3
"Delta Air Lines Inc.",11,1,18,-1,594,-12
"American Airlines Inc.",1,4,39,26,867,63
"Southwest Airlines Co.",9,7,9,0,491,-1
"Southwest Airlines Co.",2,1,11,51,277,59
"Delta Air Lines Inc.",7,2,13,-2,692,-15
"Hawaiian Airlines Inc.",6,2,18,-7,4983,-6
"Southwest Airlines Co.",8,1,8,-1,325,-9
"Skywest Airlines Inc.",4,5,17,-5,373,-21
"Atlantic Southeast Airlines",6,1,12,-8,760,-14
"Southwest Airlines Co.",3,1,15,-3,397,-5
"Southwest Airlines Co.",8,7,9,-5,935,-14
"Skywest Airlines Inc.",12,5,33,-5,144,-10
"JetBlue Airways",1,2,10,38,2475,18
"Delta Air Lines Inc.",2,7,13,-7,373,-24
"US Airways Inc.",1,2,19,3,2075,-6
"Atlantic Southeast Airlines",1,7,30,-5,866,-5
"Alaska Airlines Inc.",6,5,15,-6,421,-2
"American Eagle Airlines Inc.",9,5,20,7,461,8
"United Air Lines Inc.",10,4,10,-3,937,-3
"United Air Lines Inc.",9,6,16,2,2556,-1
"Southwest Airlines Co.",4,3,12,1,248,2
"Southwest Airlines Co.",8,2,7,59,1521,48
"Delta Air Lines Inc.",4,2,20,77,946,67
"United Air Lines Inc.",9,3,12,-4,2454,-20
"Delta Air Lines Inc.",12,7,19,-1,1399,-7
"Southwest Airlines Co.",6,7,7,81,349,67
"Southwest Airlines Co.",7,1,15,-2,1986,-8
"United Air Lines Inc.",12,1,16,-3,1023,-15
"Delta Air Lines Inc.",11,1,13,-2,250,-20
"Skywest Airlines Inc.",2,7,18,9,867,-17
"Delta Air Lines Inc.",1,7,11,-4,1865,0
"Southwest Airlines Co.",10,2,11,1,1521,2
"Atlantic Southeast Airlines",7,1,11,-5,1091,-27
"Southwest Airlines Co.",5,6,9,11,507,-5
"Atlantic Southeast Airlines",5,6,13,-9,231,-7
"United Air Lines Inc.",5,3,13,8,2565,-3
"American Airlines Inc.",6,1,9,5,258,9
"Alaska Airlines Inc.",6,2,10,2,2562,-3
"Southwest Airlines Co.",9,6,9,-5,971,-13
"Skywest Airlines Inc.",9,2,14,12,590,4
"Delta Air Lines Inc.",4,3,40,-8,226,-11
"JetBlue Airways",10,6,13,-6,1023,2
"JetBlue Airways",1,7,21,-8,413,-19
"Skywest Airlines Inc.",6,1,12,-6,866,-20
"Delta Air Lines Inc.",11,3,17,-4,444,-5
"Skywest Airlines Inc.",4,3,14,-3,501,-4
"Southwest Airlines Co.",1,6,31,7,507,9
"Southwest Airlines Co.",1,1,17,37,602,44
"Skywest Airlines Inc.",9,5,34,-2,693,7
"Skywest Airlines Inc.",8,2,20,-6,224,-12
"Atlantic Southeast Airlines",3,5,24,-2,404,7
"American Airlines Inc.",7,2,16,-4,733,-7
"JetBlue Airways",3,7,19,-2,937,-12
"American Eagle Airlines Inc.",4,4,17,-4,270,-1
"Southwest Airlines Co.",12,5,26,16,277,24
"American Airlines Inc.",10,3,17,0,936,-5
"Skywest Airlines Inc.",10,1,16,57,809,62
"Delta Air Lines Inc.",5,5,20,-1,1199,-5
"Atlantic Southeast Airlines",1,1,10,-5,308,-9
"Southwest Airlines Co.",11,6,17,15,368,7
"Southwest Airlines Co.",12,7,78,13,187,83
"Hawaiian Airlines Inc.",7,6,10,-1,216,1
"American Airlines Inc.",10,7,12,-6,641,-17
"Skywest Airlines Inc.",11,7,13,33,541,20
"American Eagle Airlines Inc.",7,5,37,-5,272,18
"Delta Air Lines Inc.",2,3,50,0,502,17
"JetBlue Airways",4,3,20,-6,994,-9
"Southwest Airlines Co.",8,1,11,1,601,-4
"Atlantic Southeast Airlines",4,4,37,187,1154,201
"JetBlue Airways",11,2,11,-1,1249,-7
"Atlantic Southeast Airlines",6,4,8,9,748,-2
"Southwest Airlines Co.",7,5,9,2,345,-5
"American Eagle Airlines Inc.",7,1,15,-4,693,-14
"American Airlines Inc.",1,3,9,-5,802,-15
"American Airlines Inc.",6,7,10,3,190,-11
"Southwest Airlines Co.",8,4,9,-8,691,-11
"Delta Air Lines Inc.",6,6,26,-7,503,-2
"Virgin America",10,3,56,36,1381,161
"American Airlines Inc.",8,7,20,0,1096,-26
"Skywest Airlines Inc.",1,7,19,-3,838,-7
"Southwest Airlines Co.",3,4,8,16,1108,5
"American Eagle Airlines Inc.",2,1,17,0,812,12
"American Airlines Inc.",12,1,17,-2,632,-5
"JetBlue Airways",2,4,16,28,1617,26
"United Air Lines Inc.",12,3,10,-6,2133,-32
"Delta Air Lines Inc.",10,5,10,-4,1522,-18
"Hawaiian Airlines Inc.",9,3,9,-7,100,-8
"Spirit Air Lines",9,3,10,4,577,-5
"Southwest Airlines Co.",4,1,13,10,479,16
"Southwest Airlines Co.",3,1,8,-3,669,-19
"US Airways Inc.",2,1,39,-1,573,19
"JetBlue Airways",11,1,11,17,354,14
"Southwest Airlines Co.",8,7,17,-6,423,-6
"American Eagle Airlines Inc.",11,7,11,147,1250,246
"JetBlue Airways",11,2,14,-2,1035,-18
"United Air Lines Inc.",10,7,12,-6,2288,-21
"United Air Lines Inc.",1,3,37,-3,948,19
"Atlantic Southeast Airlines",11,3,12,-1,310,-13
"Southwest Airlines Co.",1,7,8,-2,1107,-5
"Delta Air Lines Inc.",10,2,15,-4,447,-12
"Southwest Airlines Co.",8,4,10,-6,602,-10
"Skywest Airlines Inc.",6,4,22,-5,156,-10
"Alaska Airlines Inc.",4,6,11,7,2640,-16
"Frontier Airlines Inc.",12,6,17,-2,1370,-19
"Delta Air Lines Inc.",12,6,13,-1,1174,-24
"Southwest Airlines Co.",7,2,13,-2,1703,1
"Southwest Airlines Co.",11,4,8,-4,319,-8
"Atlantic Southeast Airlines",7,2,22,-2,585,-3
"Atlantic Southeast Airlines",12,1,9,8,445,-4
"Virgin America",4,6,9,14,337,4
"Atlantic Southeast Airlines",7,7,8,-7,301,-21
"Delta Air Lines Inc.",3,7,15,-2,214,-7
"Delta Air Lines Inc.",11,3,9,-2,134,-12
"Delta Air Lines Inc.",5,2,15,-2,1535,4
"American Airlines Inc.",7,5,15,-7,641,-14
"US Airways Inc.",3,6,53,9,1605,62
"Skywest Airlines Inc.",9,2,15,-3,353,-2
"Skywest Airlines Inc.",3,4,37,-3,334,7
"American Eagle Airlines Inc.",8,1,8,-4,134,5
"Atlantic Southeast Airlines",2,1,30,-8,316,3
"Virgin America",5,6,16,25,337,19
"Skywest Airlines Inc.",10,2,19,-6,590,-12
"Skywest Airlines Inc.",6,7,12,-4,566,0
"American Airlines Inc.",2,7,14,-6,1017,-11
"United Air Lines Inc.",11,7,12,5,1024,5
"American Eagle Airlines Inc.",9,3,18,-10,130,-29
"Southwest Airlines Co.",6,6,20,0,404,-1
"Skywest Airlines Inc.",8,6,10,-9,462,-22
"Delta Air Lines Inc.",5,2,10,-3,304,-14
"Southwest Airlines Co.",6,7,17,28,587,28
"Southwest Airlines Co.",3,3,8,-2,1050,-24
"Delta Air Lines Inc.",8,6,15,-2,223,-12
"Skywest Airlines Inc.",6,1,24,75,363,71
"JetBlue Airways",11,1,17,-3,1189,15
"Southwest Airlines Co.",7,2,9,8,770,-4
"Southwest Airlines Co.",5,7,10,-4,347,-13
"Skywest Airlines Inc.",7,4,17,-4,220,-8
"Atlantic Southeast Airlines",6,3,16,-6,500,-5
"American Airlines Inc.",5,4,8,1,204,-2
"American Airlines Inc.",10,4,16,-1,930,-15
"US Airways Inc.",6,1,17,-4,813,-1
"Alaska Airlines Inc.",3,6,8,-14,571,-12
"American Airlines Inc.",2,7,17,50,1562,62
"Southwest Airlines Co.",7,2,10,9,480,9
"Southwest Airlines Co.",2,6,10,6,223,-2
"Southwest Airlines Co.",5,6,15,-1,325,4
"Skywest Airlines Inc.",2,5,17,50,1384,57
"United Air Lines Inc.",2,4,78,59,337,112
"Delta Air Lines Inc.",12,2,17,-1,712,-2
"Southwest Airlines Co.",3,7,65,9,327,61
"JetBlue Airways",8,3,16,40,944,32
"Delta Air Lines Inc.",5,7,13,-5,1276,-8
"United Air Lines Inc.",12,4,16,9,2449,0
"Southwest Airlines Co.",1,4,7,9,325,3
"Southwest Airlines Co.",2,2,16,0,391,0
"Alaska Airlines Inc.",10,4,11,-6,95,-4
"American Eagle Airlines Inc.",10,1,16,-3,812,-15
"American Eagle Airlines Inc.",10,2,11,-10,416,-19
"Alaska Airlines Inc.",12,2,16,2,550,-1
"Southwest Airlines Co.",8,2,8,24,591,11
"United Air Lines Inc.",12,6,14,330,2454,295
"Skywest Airlines Inc.",1,7,15,-11,677,-6
"US Airways Inc.",5,2,22,0,370,-1
"Skywest Airlines Inc.",7,1,8,82,562,70
"Delta Air Lines Inc.",10,2,22,-1,357,-3
"Southwest Airlines Co.",8,1,12,-1,666,-26
"JetBlue Airways",2,2,14,83,2475,73
"Southwest Airlines Co.",11,5,11,1,1587,-10
"American Airlines Inc.",6,1,14,3,1258,-17
"American Airlines Inc.",4,4,80,5,919,70
"Skywest Airlines Inc.",8,6,17,-1,536,-5
"Delta Air Lines Inc.",12,1,16,2,2172,2
"American Airlines Inc.",3,2,12,-4,1205,-18
"American Airlines Inc.",4,1,13,-11,1303,-14
"American Airlines Inc.",3,6,17,103,1464,72
"Delta Air Lines Inc.",1,1,18,13,2079,-16
"Southwest Airlines Co.",7,3,6,3,390,-1
"Atlantic Southeast Airlines",2,2,9,-10,433,-24
"US Airways Inc.",2,3,19,4,992,4
"US Airways Inc.",3,3,22,-7,280,-20
"Southwest Airlines Co.",11,3,14,2,338,4
"American Airlines Inc.",7,1,26,-5,980,5
"Delta Air Lines Inc.",2,4,14,0,321,-4
"Southwest Airlines Co.",8,4,13,27,255,24
"Delta Air Lines Inc.",5,2,12,-5,874,-23
"Southwest Airlines Co.",5,1,11,31,814,5
"JetBlue Airways",3,4,8,-2,972,-15
"Hawaiian Airlines Inc.",4,1,7,-6,163,-9
"Frontier Airlines Inc.",3,3,15,-15,628,-14
"Virgin America",6,2,30,116,2454,97
"Skywest Airlines Inc.",3,2,15,-5,996,-24
"Delta Air Lines Inc.",12,6,13,-11,1127,-15
"Delta Air Lines Inc.",6,2,19,0,2586,-17
"Southwest Airlines Co.",10,2,9,0,472,-2
"Skywest Airlines Inc.",5,1,17,-5,481,5
"United Air Lines Inc.",5,1,24,-4,2584,-19
"Southwest Airlines Co.",12,7,13,4,236,7
"Southwest Airlines Co.",4,5,6,-4,601,-18
"Atlantic Southeast Airlines",12,7,13,-4,173,0
"United Air Lines Inc.",4,3,10,1,1201,-17
"Hawaiian Airlines Inc.",8,1,20,-5,100,6
"JetBlue Airways",7,2,7,-6,353,-12
"Spirit Air Lines",5,5,12,2,680,3
"Southwest Airlines Co.",8,4,23,6,793,10
"US Airways Inc.",5,5,31,-7,214,-11
"Southwest Airlines Co.",8,1,14,1,323,0
"United Air Lines Inc.",7,5,12,56,1620,20
"Virgin America",8,4,19,5,1846,-3
"Skywest Airlines Inc.",4,5,15,-3,455,-7
"United Air Lines Inc.",12,6,31,-6,1201,-15
"American Airlines Inc.",5,6,13,-6,1258,-28
"American Airlines Inc.",10,7,24,15,1979,9
"United Air Lines Inc.",6,2,14,-1,888,-8
"Skywest Airlines Inc.",6,4,11,-6,630,-1
"Southwest Airlines Co.",12,2,8,-3,696,-20
"Virgin America",10,6,8,-1,1504,-11
"American Eagle Airlines Inc.",11,2,8,-2,139,-25
"Delta Air Lines Inc.",3,2,13,-6,528,-8
"American Airlines Inc.",3,2,10,-5,1846,-37
"American Eagle Airlines Inc.",2,1,13,7,315,-1
"Alaska Airlines Inc.",5,3,14,-9,697,-1
"American Airlines Inc.",11,6,17,-5,1235,-12
"Delta Air Lines Inc.",8,2,9,-7,640,-24
"Hawaiian Airlines Inc.",4,1,13,-8,2486,12
"Delta Air Lines Inc.",6,2,13,-4,1005,-17
"Southwest Airlines Co.",12,4,9,-3,488,-6
"Skywest Airlines Inc.",9,3,25,-2,235,3
"United Air Lines Inc.",10,5,87,31,811,93
"Southwest Airlines Co.",2,6,8,5,2106,-30
"Delta Air Lines Inc.",9,4,30,87,192,95
"Southwest Airlines Co.",12,4,14,0,990,-7
"Hawaiian Airlines Inc.",6,1,9,-4,216,-6
"American Eagle Airlines Inc.",3,1,12,2,561,-6
"Delta Air Lines Inc.",10,5,18,-5,422,-14
"Southwest Airlines Co.",9,1,11,-3,1814,-15
"Atlantic Southeast Airlines",10,5,12,-8,466,-19
"Skywest Airlines Inc.",6,1,7,-8,575,-20
"American Airlines Inc.",3,5,27,7,1045,13
"Southwest Airlines Co.",4,4,11,1,2039,-5
"United Air Lines Inc.",10,6,16,-5,2704,13
"United Air Lines Inc.",6,5,29,12,2565,43
"Delta Air Lines Inc.",8,5,22,1,749,4
"Delta Air Lines Inc.",12,3,8,-3,879,-7
"Southwest Airlines Co.",10,1,19,4,725,-16
"Atlantic Southeast Airlines",8,7,12,-6,667,-10
"Delta Air Lines Inc.",9,1,9,3,1927,-21
"Southwest Airlines Co.",3,5,13,22,302,24
"Atlantic Southeast Airlines",4,4,46,131,427,205
"Southwest Airlines Co.",9,4,11,0,296,0
"American Airlines Inc.",10,1,20,-4,1438,-13
"American Eagle Airlines Inc.",1,3,14,45,622,41
"Skywest Airlines Inc.",8,6,12,-2,748,-2
"Skywest Airlines Inc.",9,2,19,83,679,77
"Atlantic Southeast Airlines",7,4,23,19,190,23
"Southwest Airlines Co.",2,3,11,14,992,-20
"United Air Lines Inc.",4,4,12,-7,2367,-22
"US Airways Inc.",1,5,9,-3,1095,-9
"Southwest Airlines Co.",7,7,16,26,786,24
"Alaska Airlines Inc.",4,3,13,-4,987,-17
"American Airlines Inc.",7,7,14,-4,130,-9
"Southwest Airlines Co.",7,2,13,14,397,11
"Southwest Airlines Co.",9,2,11,-1,401,-4
"Delta Air Lines Inc.",7,3,8,-7,689,-27
"United Air Lines Inc.",6,2,20,-4,2704,-1
"American Airlines Inc.",10,6,12,-5,1916,-21
"Southwest Airlines Co.",6,2,9,-5,1111,0
"Southwest Airlines Co.",8,5,17,3,484,-1
"Skywest Airlines Inc.",5,5,16,65,599,51
"Southwest Airlines Co.",7,5,10,-2,1246,-15
"Southwest Airlines Co.",3,2,14,61,226,52
"Delta Air Lines Inc.",6,5,12,9,214,1
"US Airways Inc.",5,6,15,-1,2378,-18
"American Airlines Inc.",4,5,11,-4,612,-26
"Southwest Airlines Co.",9,2,10,-1,2106,-22
"Atlantic Southeast Airlines",5,6,13,0,458,4
"United Air Lines Inc.",2,7,29,25,888,38
"Southwest Airlines Co.",10,5,13,-4,446,-14
"United Air Lines Inc.",4,7,14,-1,1303,-10
"Atlantic Southeast Airlines",12,5,14,-11,192,-9
"Delta Air Lines Inc.",3,4,17,1,2139,-17
"Atlantic Southeast Airlines",12,2,10,-3,563,-8
"American Eagle Airlines Inc.",2,5,18,31,425,34
"Atlantic Southeast Airlines",7,4,12,0,551,0
"United Air Lines Inc.",11,3,25,209,447,209
"Frontier Airlines Inc.",10,6,11,36,1090,18
"Delta Air Lines Inc.",8,7,19,4,337,-3
"United Air Lines Inc.",5,2,12,20,794,6
"JetBlue Airways",5,2,25,-8,399,6
"Southwest Airlines Co.",6,2,10,-4,602,-18
"American Airlines Inc.",10,4,17,3,853,-12
"Skywest Airlines Inc.",7,4,17,-6,896,21
"Southwest Airlines Co.",3,5,6,27,668,9
"Atlantic Southeast Airlines",9,5,12,-5,930,-26
"Alaska Airlines Inc.",3,5,15,-12,2874,-73
"Delta Air Lines Inc.",9,5,17,-2,1749,-4
"Skywest Airlines Inc.",12,3,28,1,601,3
"Spirit Air Lines",12,2,11,22,1084,25
"United Air Lines Inc.",9,7,16,17,413,14
"American Airlines Inc.",9,6,16,-8,1849,-21
"JetBlue Airways",12,5,22,-3,399,-6
"Skywest Airlines Inc.",4,3,19,17,844,9
"JetBlue Airways",2,6,16,10,280,-14
"Southwest Airlines Co.",5,5,14,11,1313,9
"Southwest Airlines Co.",11,1,17,23,666,15
"Skywest Airlines Inc.",8,4,18,-8,273,-5
"Southwest Airlines Co.",5,1,11,-4,1050,-21
"United Air Lines Inc.",7,2,20,40,2446,20
"Delta Air Lines Inc.",4,5,20,-2,762,2
"Atlantic Southeast Airlines",3,3,16,-3,145,1
"Spirit Air Lines",4,3,20,97,632,95
"Delta Air Lines Inc.",2,5,19,47,1010,57
"American Airlines Inc.",8,2,14,1,1012,-3
"American Airlines Inc.",5,6,20,7,1671,-2
"Skywest Airlines Inc.",5,2,14,-2,119,0
"American Airlines Inc.",4,4,24,2,247,20
"American Eagle Airlines Inc.",4,4,48,-2,461,13
"Alaska Airlines Inc.",12,5,19,-5,867,-2
"Alaska Airlines Inc.",3,1,9,1,2607,-30
"American Airlines Inc.",11,1,19,-5,644,-11
"American Airlines Inc.",7,3,11,-9,550,-16
"Southwest Airlines Co.",7,3,12,10,448,3
"United Air Lines Inc.",6,5,26,134,1721,130
"Hawaiian Airlines Inc.",4,4,8,-8,216,-10
"Southwest Airlines Co.",5,1,17,-5,562,-13
"American Eagle Airlines Inc.",9,3,14,-5,309,-4
"Delta Air Lines Inc.",8,7,15,10,501,2
"Southwest Airlines Co.",3,6,6,8,370,-2
"Spirit Air Lines",10,5,10,-8,1139,-17
"Delta Air Lines Inc.",8,6,32,34,746,39
"Delta Air Lines Inc.",1,4,15,-3,632,-21
"Skywest Airlines Inc.",4,4,18,110,588,100
"Hawaiian Airlines Inc.",4,5,6,-1,100,4
"Skywest Airlines Inc.",3,4,16,-9,451,-10
"Skywest Airlines Inc.",6,4,12,136,196,125
"Atlantic Southeast Airlines",7,2,24,41,1008,33
"US Airways Inc.",4,6,21,35,544,38
"American Airlines Inc.",7,3,29,21,992,8
"Alaska Airlines Inc.",1,2,10,-8,2457,-10
"Atlantic Southeast Airlines",5,3,16,-3,300,-11
"United Air Lines Inc.",2,5,18,19,1167,-6
"Skywest Airlines Inc.",6,1,15,-2,174,2
"Atlantic Southeast Airlines",3,2,7,0,212,-1
"JetBlue Airways",1,4,29,36,1069,50
"Delta Air Lines Inc.",9,6,16,-2,2139,-8
"United Air Lines Inc.",6,1,13,-1,472,-17
"Atlantic Southeast Airlines",9,5,31,-3,108,6
"Frontier Airlines Inc.",4,4,12,-1,416,29
"American Eagle Airlines Inc.",9,5,9,-4,122,-10
"Southwest Airlines Co.",2,5,10,-2,239,-3
"Spirit Air Lines",2,7,11,-12,258,-17
"Hawaiian Airlines Inc.",10,1,9,-6,216,-3
"Skywest Airlines Inc.",9,6,11,-7,588,-19
"Southwest Airlines Co.",12,3,11,-8,1189,-22
"American Airlines Inc.",2,7,13,-5,721,-8
"Southwest Airlines Co.",1,1,7,87,289,74
"Southwest Airlines Co.",8,2,18,-1,802,5
"Skywest Airlines Inc.",1,1,14,-6,160,-2
"Hawaiian Airlines Inc.",11,7,7,22,100,14
"United Air Lines Inc.",2,2,13,-6,1379,-12
"American Airlines Inc.",2,1,16,2,469,6
"Delta Air Lines Inc.",3,7,19,-5,545,3
"Skywest Airlines Inc.",8,6,15,-9,896,-16
"Delta Air Lines Inc.",7,4,21,0,946,-4
"JetBlue Airways",9,3,12,30,997,21
"US Airways Inc.",6,6,10,-3,930,-14
"Atlantic Southeast Airlines",7,4,20,-4,223,-7
"American Airlines Inc.",8,3,13,-4,1558,-23
"Atlantic Southeast Airlines",5,5,14,-1,277,1
"American Airlines Inc.",11,1,12,-3,1846,-8
"Delta Air Lines Inc.",12,2,26,-7,2640,14
"Atlantic Southeast Airlines",2,7,30,-5,241,5
"American Eagle Airlines Inc.",4,2,15,-4,285,-20
"United Air Lines Inc.",6,3,18,24,2306,-7
"Hawaiian Airlines Inc.",12,5,14,-7,2486,-13
"Delta Air Lines Inc.",3,3,11,-10,1522,-17
"Southwest Airlines Co.",5,1,16,-1,306,0
"Southwest Airlines Co.",11,6,10,7,920,-4
"US Airways Inc.",2,1,20,-3,280,1
"Southwest Airlines Co.",6,3,8,31,370,34
"Delta Air Lines Inc.",7,6,12,-4,1517,-17
"United Air Lines Inc.",11,6,22,-3,679,-11
"Delta Air Lines Inc.",3,2,14,-5,2079,-25
"Delta Air Lines Inc.",11,5,16,1,547,-12
"Atlantic Southeast Airlines",9,1,10,-8,458,-3
"Spirit Air Lines",10,6,15,23,689,12
"Southwest Airlines Co.",7,3,10,-3,1020,-10
"American Airlines Inc.",11,1,11,-2,683,20
"American Eagle Airlines Inc.",4,2,11,-4,530,-6
"Southwest Airlines Co.",11,6,12,-5,270,-15
"Delta Air Lines Inc.",6,3,11,-3,944,-24
"JetBlue Airways",8,7,20,1,989,-1
"Skywest Airlines Inc.",1,5,57,10,237,30
"US Airways Inc.",5,3,10,-6,255,-13
"Delta Air Lines Inc.",7,6,11,0,1269,-9
"Southwest Airlines Co.",4,1,21,10,696,14
"United Air Lines Inc.",8,7,20,-5,1514,-14
"Skywest Airlines Inc.",6,4,28,5,781,25
"Delta Air Lines Inc.",9,7,22,-4,502,-26
"Southwest Airlines Co.",4,3,16,-8,314,-11
"Southwest Airlines Co.",5,1,14,-2,612,-2
"Southwest Airlines Co.",2,2,7,0,377,-13
"Delta Air Lines Inc.",8,6,12,88,164,94
"American Airlines Inc.",7,6,19,-4,2402,-33
"Virgin America",6,6,11,-5,1184,0
"Atlantic Southeast Airlines",9,3,10,42,284,33
"Atlantic Southeast Airlines",6,2,20,-5,438,-12
"Southwest Airlines Co.",6,5,9,128,507,134
"American Eagle Airlines Inc.",7,3,17,-13,461,-27
"Southwest Airlines Co.",6,4,10,-10,500,-19
"American Airlines Inc.",3,1,14,3,1723,-2
"Southwest Airlines Co.",5,7,9,-10,602,-21
"Southwest Airlines Co.",3,7,10,47,417,41
"American Airlines Inc.",8,2,13,-5,370,-20
"Delta Air Lines Inc.",1,4,19,-7,515,-19
"US Airways Inc.",6,1,15,-3,361,-17
"American Eagle Airlines Inc.",6,1,16,-8,134,-5
"JetBlue Airways",3,3,17,-8,994,-8
"Southwest Airlines Co.",6,5,17,-1,446,-15
"American Airlines Inc.",10,5,40,4,733,23
"JetBlue Airways",5,7,24,-6,200,-18
"Atlantic Southeast Airlines",3,2,12,-4,288,-11
"American Airlines Inc.",12,2,19,16,802,28
"Southwest Airlines Co.",11,6,17,0,302,5
"Delta Air Lines Inc.",12,2,21,-3,874,-17
"Southwest Airlines Co.",11,5,12,-5,472,-10
"Skywest Airlines Inc.",2,3,16,19,627,25
"Delta Air Lines Inc.",6,6,12,1,1953,-25
"United Air Lines Inc.",9,7,19,6,2565,-37
"JetBlue Airways",3,2,36,168,2446,170
"Southwest Airlines Co.",1,4,13,-1,588,-5
"Southwest Airlines Co.",10,4,17,8,562,4
"American Airlines Inc.",12,2,19,-8,328,-15
"Atlantic Southeast Airlines",12,4,10,-15,262,-20
"Southwest Airlines Co.",5,2,13,-3,220,-9
"American Eagle Airlines Inc.",11,5,18,-11,280,-14
"United Air Lines Inc.",5,1,24,113,1721,107
"American Airlines Inc.",8,4,21,51,644,72
"Southwest Airlines Co.",7,1,13,-8,1024,12
"United Air Lines Inc.",6,5,19,21,177,22
"United Air Lines Inc.",3,7,12,123,733,98
"Skywest Airlines Inc.",7,3,20,-1,199,-2
"Alaska Airlines Inc.",9,1,5,-5,123,-13
"Atlantic Southeast Airlines",9,2,12,-8,308,-15
"Southwest Airlines Co.",9,6,11,-6,317,-17
"American Airlines Inc.",5,4,11,1,1005,-5
"United Air Lines Inc.",6,3,18,0,1346,3
"Southwest Airlines Co.",9,7,12,-1,371,-1
"Delta Air Lines Inc.",12,6,29,40,581,50
"United Air Lines Inc.",3,6,54,-7,2475,5
"American Airlines Inc.",5,3,12,4,1660,-11
"Southwest Airlines Co.",6,2,17,1,725,20
"Southwest Airlines Co.",8,6,7,1,1024,-2
"Atlantic Southeast Airlines",11,5,30,-3,223,6
"American Eagle Airlines Inc.",2,5,32,-5,215,0
"United Air Lines Inc.",10,7,15,0,1558,-11
"Delta Air Lines Inc.",12,6,30,17,950,-5
"Southwest Airlines Co.",7,1,11,-3,491,-13
"Skywest Airlines Inc.",1,2,12,93,542,82
"Skywest Airlines Inc.",4,4,13,-1,926,-15
"Southwest Airlines Co.",10,2,8,-3,417,-1
"Spirit Air Lines",7,7,16,9,1749,11
"US Airways Inc.",3,1,17,36,546,32
"Southwest Airlines Co.",10,6,12,-3,646,-13
"Alaska Airlines Inc.",7,3,23,-2,1050,-14
"Delta Air Lines Inc.",3,5,9,5,363,3
"Skywest Airlines Inc.",4,5,22,0,541,6
"American Airlines Inc.",10,4,34,0,130,18
"Skywest Airlines Inc.",11,4,13,-3,360,-14
"Skywest Airlines Inc.",3,3,20,13,590,15
"Southwest Airlines Co.",2,3,11,3,472,7
"American Airlines Inc.",12,6,22,-2,1089,-39
"Spirit Air Lines",11,1,15,-8,895,-6
"United Air Lines Inc.",12,1,11,25,1014,2
"Atlantic Southeast Airlines",11,3,14,100,190,96
"Skywest Airlines Inc.",5,3,12,0,408,-10
"Atlantic Southeast Airlines",7,4,14,-1,468,-10
"Southwest Airlines Co.",5,5,10,4,1069,2
"Southwest Airlines Co.",6,4,8,-3,735,-12
"Delta Air Lines Inc.",7,1,15,-4,528,-1
"Atlantic Southeast Airlines",7,5,9,-7,343,-8
"United Air Lines Inc.",7,4,20,73,414,72
"American Airlines Inc.",8,5,30,0,861,-14
"Skywest Airlines Inc.",5,6,16,-12,533,35
"Southwest Airlines Co.",1,4,9,-6,986,-23
"Delta Air Lines Inc.",6,6,28,82,761,81
"American Airlines Inc.",12,2,15,-8,338,-7
"Delta Air Lines Inc.",4,1,18,11,240,12
"United Air Lines Inc.",10,1,13,2,606,-13
"Delta Air Lines Inc.",3,2,12,0,134,-9
"American Airlines Inc.",7,4,21,9,1440,-5
"Alaska Airlines Inc.",5,7,8,13,2457,-7
"Delta Air Lines Inc.",1,4,17,11,760,-14
"Delta Air Lines Inc.",2,4,26,-5,237,-18
"American Airlines Inc.",4,3,18,-8,675,-3
"Southwest Airlines Co.",7,3,9,10,1751,22
"American Eagle Airlines Inc.",7,5,11,-10,522,-17
"Atlantic Southeast Airlines",9,3,12,0,637,2
"Delta Air Lines Inc.",5,7,14,-6,991,-11
"Southwest Airlines Co.",8,1,8,-3,417,-2
"Alaska Airlines Inc.",6,2,16,19,2402,0
"Skywest Airlines Inc.",3,1,15,45,252,47
"JetBlue Airways",12,6,10,19,994,-5
"United Air Lines Inc.",5,3,39,1,1346,21
"US Airways Inc.",2,7,19,-1,184,-15
"Delta Air Lines Inc.",3,5,13,12,859,-16
"US Airways Inc.",6,7,14,-5,1558,-3
"American Airlines Inc.",4,3,11,-8,2218,-39
"Delta Air Lines Inc.",3,2,72,-1,223,58
"Atlantic Southeast Airlines",1,2,13,-15,1014,-43
"United Air Lines Inc.",8,3,13,-6,723,-10
"Southwest Airlines Co.",12,4,23,-1,228,2
"United Air Lines Inc.",1,2,23,3,1635,-7
"Skywest Airlines Inc.",7,4,15,-10,809,-17
"United Air Lines Inc.",8,6,18,-4,1452,-16
"Skywest Airlines Inc.",9,4,14,-6,458,-15
"JetBlue Airways",5,4,20,-1,427,-33
"American Eagle Airlines Inc.",1,4,14,-8,925,-10
"Delta Air Lines Inc.",3,4,16,-4,405,-4
"Spirit Air Lines",4,2,9,96,2106,98
"American Eagle Airlines Inc.",5,6,18,140,158,133
"US Airways Inc.",6,4,15,3,602,-2
"Skywest Airlines Inc.",12,3,10,11,252,0
"JetBlue Airways",8,3,8,-2,395,-9
"American Airlines Inc.",10,4,12,-1,631,-15
"Spirit Air Lines",10,7,12,349,986,328
"JetBlue Airways",1,1,30,117,1097,109
"Skywest Airlines Inc.",10,6,14,-4,1211,-6
"Atlantic Southeast Airlines",3,6,23,3,383,7
"Southwest Airlines Co.",1,1,10,10,814,-5
"Alaska Airlines Inc.",12,1,19,-8,933,1
"United Air Lines Inc.",6,3,11,4,589,2
"American Airlines Inc.",5,6,23,-1,236,8
"Delta Air Lines Inc.",12,4,11,4,813,1
"Southwest Airlines Co.",9,6,11,5,347,-2
"Spirit Air Lines",4,2,11,-5,197,-12
"American Airlines Inc.",1,1,9,-8,550,-23
"United Air Lines Inc.",6,5,12,4,224,-9
"Southwest Airlines Co.",12,3,8,1,251,3
"United Air Lines Inc.",9,4,15,-5,1723,-6
"Virgin America",11,3,16,-6,2419,-18
"Southwest Airlines Co.",2,7,10,-9,616,-18
"Southwest Airlines Co.",12,7,8,19,682,3
"Southwest Airlines Co.",11,5,10,-2,837,-1
"American Eagle Airlines Inc.",7,3,32,26,272,24
"Virgin America",1,2,10,1,2475,-10
"United Air Lines Inc.",10,5,15,-2,679,-7
"Skywest Airlines Inc.",1,1,15,14,243,5
"Delta Air Lines Inc.",7,1,10,-3,981,-18
"Southwest Airlines Co.",10,1,8,125,1371,113
"Southwest Airlines Co.",5,3,12,28,787,20
"Skywest Airlines Inc.",5,5,24,3,188,12
"Delta Air Lines Inc.",1,6,15,5,689,-12
"Delta Air Lines Inc.",9,3,14,-4,1535,-33
"American Airlines Inc.",8,2,19,-6,964,-10
"American Airlines Inc.",2,3,13,12,1107,20
"United Air Lines Inc.",3,3,13,10,2306,-9
"Hawaiian Airlines Inc.",5,2,7,3,100,5
"Southwest Airlines Co.",10,1,31,0,762,3
"American Airlines Inc.",7,1,12,-4,867,-12
"US Airways Inc.",5,5,9,-4,601,-13
"Southwest Airlines Co.",6,2,10,-5,781,-13
"Atlantic Southeast Airlines",6,6,19,-9,779,-4
"Southwest Airlines Co.",12,7,12,-5,248,-7
"Spirit Air Lines",3,5,11,7,1107,3
"Delta Air Lines Inc.",6,7,21,8,545,0
"Delta Air Lines Inc.",7,3,10,-4,516,-16
"United Air Lines Inc.",11,6,13,16,2007,15
"Southwest Airlines Co.",6,2,8,2,479,-2
"American Eagle Airlines Inc.",2,5,18,16,409,8
"United Air Lines Inc.",10,3,12,6,967,-13
"Atlantic Southeast Airlines",9,2,18,-1,383,0
"Southwest Airlines Co.",12,5,10,-4,966,-16
"Southwest Airlines Co.",11,4,13,-3,402,-4
"Delta Air Lines Inc.",7,6,16,-4,1089,-13
"Hawaiian Airlines Inc.",4,3,14,-12,2556,25
"Alaska Airlines Inc.",6,5,18,-5,2335,-25
"Delta Air Lines Inc.",5,7,29,-1,2475,-38
"Southwest Airlines Co.",7,1,10,177,986,169
"Southwest Airlines Co.",7,2,10,-4,404,-11
"Southwest Airlines Co.",3,5,13,-2,407,-7
"United Air Lines Inc.",5,1,18,3,1085,-7
"Southwest Airlines Co.",9,5,14,6,957,-5
"Southwest Airlines Co.",4,3,13,0,649,-9
"Atlantic Southeast Airlines",7,2,14,31,227,19
"United Air Lines Inc.",4,2,11,-4,2065,-48
"US Airways Inc.",6,5,10,1,861,-9
"Southwest Airlines Co.",3,6,24,3,270,11
"American Airlines Inc.",11,2,18,-7,1149,-33
"Delta Air Lines Inc.",8,1,14,-3,626,-6
"American Airlines Inc.",8,2,17,87,1205,74
"American Eagle Airlines Inc.",6,4,20,144,296,137
"Southwest Airlines Co.",3,5,17,165,1999,163
"Hawaiian Airlines Inc.",2,6,8,-2,216,6
"Southwest Airlines Co.",4,2,8,-2,528,-5
"Skywest Airlines Inc.",9,7,15,-4,158,-9
"Atlantic Southeast Airlines",8,3,23,-3,708,-10
"JetBlue Airways",1,2,14,0,200,-12
"Skywest Airlines Inc.",5,1,24,14,86,12
"Delta Air Lines Inc.",9,3,28,46,2475,38
"JetBlue Airways",11,1,9,-15,1617,-30
"Atlantic Southeast Airlines",7,5,10,-10,408,-2
"Southwest Airlines Co.",7,3,14,5,1046,-7
"Spirit Air Lines",6,7,23,-5,563,-8
"American Eagle Airlines Inc.",4,1,15,-2,213,-20
"Atlantic Southeast Airlines",5,4,15,-7,300,-2
"Spirit Air Lines",10,5,13,-6,1235,-5
"Frontier Airlines Inc.",2,7,13,37,1737,29
"Southwest Airlines Co.",11,5,11,-5,453,-19
"Atlantic Southeast Airlines",3,2,12,9,569,-1
"American Airlines Inc.",6,3,27,-4,1096,24
"Delta Air Lines Inc.",5,6,18,9,444,0
"American Eagle Airlines Inc.",3,6,12,-1,409,-16
"Southwest Airlines Co.",9,2,7,18,957,-1
"US Airways Inc.",5,6,19,5,678,-9
"Southwest Airlines Co.",11,3,16,-1,668,2
"American Airlines Inc.",8,5,18,7,1303,-18
"Hawaiian Airlines Inc.",6,5,5,20,201,16
"Southwest Airlines Co.",2,2,6,165,616,150
"United Air Lines Inc.",9,6,18,11,1620,-5
"Atlantic Southeast Airlines",3,7,13,-8,708,-41
"Spirit Air Lines",2,2,17,-3,983,-6
"Delta Air Lines Inc.",8,7,28,-3,187,-2
"United Air Lines Inc.",5,3,10,18,1065,-20
"Southwest Airlines Co.",4,2,9,-2,1444,-33
"Skywest Airlines Inc.",7,3,20,1,1499,1
"Skywest Airlines Inc.",5,5,17,-8,326,-18
"Alaska Airlines Inc.",3,6,18,-4,2417,2
"United Air Lines Inc.",4,6,9,43,2367,22
"JetBlue Airways",2,4,26,67,1693,52
"Southwest Airlines Co.",5,4,20,1,946,-6
"Southwest Airlines Co.",9,2,10,7,239,8
"United Air Lines Inc.",8,1,61,80,1008,102
"Delta Air Lines Inc.",4,7,24,-9,1298,-7
"American Airlines Inc.",6,3,20,-3,1744,8
"Delta Air Lines Inc.",7,4,15,-7,581,-20
"Skywest Airlines Inc.",9,2,21,0,840,-6
"US Airways Inc.",3,4,19,0,1671,-20
"Delta Air Lines Inc.",4,5,15,-2,594,-17
"Southwest Airlines Co.",1,1,9,0,935,-8
"Skywest Airlines Inc.",10,4,13,-5,192,-17
"Delta Air Lines Inc.",1,6,19,286,1947,282
"American Airlines Inc.",3,2,14,-7,569,-19
"Southwest Airlines Co.",10,7,8,89,946,63
"Southwest Airlines Co.",3,6,7,-4,304,-8
"US Airways Inc.",1,5,17,-6,255,-7
"American Eagle Airlines Inc.",2,5,39,0,438,11
"Alaska Airlines Inc.",3,3,11,-4,2182,-24
"Delta Air Lines Inc.",4,1,25,-4,1979,-13
"Southwest Airlines Co.",3,4,10,18,937,21
"Southwest Airlines Co.",6,3,14,2,345,11
"American Eagle Airlines Inc.",9,6,13,-3,364,-9
"American Airlines Inc.",7,7,12,-5,926,-14
"JetBlue Airways",5,1,58,-1,1598,-2
"Delta Air Lines Inc.",7,1,18,-1,1749,0
"Atlantic Southeast Airlines",10,3,20,-3,651,2
"Atlantic Southeast Airlines",12,5,17,-4,643,-8
"American Airlines Inc.",11,6,14,-5,861,-12
"Skywest Airlines Inc.",1,1,23,177,368,173
"Delta Air Lines Inc.",7,7,16,-5,457,-15
"Delta Air Lines Inc.",1,1,18,128,515,119
"American Airlines Inc.",6,6,13,-6,606,-6
"Alaska Airlines Inc.",9,7,15,-7,867,-7
"Atlantic Southeast Airlines",2,1,9,-12,253,-23
"Delta Air Lines Inc.",11,2,12,-7,1123,-27
"Southwest Airlines Co.",3,2,7,7,507,0
"American Eagle Airlines Inc.",6,5,12,-7,685,-19
"American Airlines Inc.",1,4,10,-2,1440,-39
"United Air Lines Inc.",1,1,16,-7,622,-16
"Delta Air Lines Inc.",2,3,20,37,1535,31
"United Air Lines Inc.",6,1,36,1,888,12
"JetBlue Airways",12,1,12,68,1249,59
"Southwest Airlines Co.",1,4,15,1,998,3
"US Airways Inc.",2,5,45,-7,184,5
"Spirit Air Lines",6,5,13,0,913,-1
"Delta Air Lines Inc.",4,5,18,44,184,41
"Southwest Airlines Co.",5,2,16,223,349,211
"Delta Air Lines Inc.",2,3,19,-6,405,0
"Southwest Airlines Co.",11,5,11,-3,551,-7
"Delta Air Lines Inc.",5,7,20,-1,356,6
"Delta Air Lines Inc.",6,1,9,1,620,-3
"American Airlines Inc.",7,4,40,8,184,12
"Southwest Airlines Co.",9,2,8,-1,491,-6
"American Eagle Airlines Inc.",5,5,25,-4,738,-11
"Alaska Airlines Inc.",7,4,14,-5,867,-14
"Southwest Airlines Co.",8,1,9,-4,373,-11
"Atlantic Southeast Airlines",11,1,18,-2,282,-9
"United Air Lines Inc.",8,5,15,-4,2306,-17
"Spirit Air Lines",1,3,13,-4,1235,-1
"Delta Air Lines Inc.",12,3,24,-4,1312,-1
"American Airlines Inc.",9,1,30,-2,861,3
"United Air Lines Inc.",8,6,28,5,447,6
"Hawaiian Airlines Inc.",9,3,7,2,201,5
"Skywest Airlines Inc.",6,1,15,77,250,69
"Delta Air Lines Inc.",12,3,16,0,907,-5
"American Airlines Inc.",1,3,18,-7,1055,-25
"American Airlines Inc.",12,5,11,-7,594,21
"United Air Lines Inc.",2,4,19,39,1846,30
"American Airlines Inc.",11,1,32,-1,735,1
"Southwest Airlines Co.",8,4,14,-3,436,-5
"Atlantic Southeast Airlines",6,2,16,-5,1174,-21
"Frontier Airlines Inc.",5,3,14,44,967,40
"United Air Lines Inc.",7,4,23,8,925,27
"Southwest Airlines Co.",9,5,17,2,621,3
"Southwest Airlines Co.",2,4,13,1,722,-15
"US Airways Inc.",4,5,19,1,337,2
"US Airways Inc.",6,6,18,-4,529,-12
"Delta Air Lines Inc.",11,1,26,-2,749,-14
"JetBlue Airways",8,1,13,22,1226,24
"Southwest Airlines Co.",5,1,19,97,1947,90
"American Eagle Airlines Inc.",10,1,8,-4,157,-17
"Southwest Airlines Co.",11,5,17,33,715,30
"Spirit Air Lines",5,2,8,-13,1062,-13
"Southwest Airlines Co.",11,4,13,0,1072,-1
"Southwest Airlines Co.",1,3,17,-2,641,-6
"Skywest Airlines Inc.",8,1,20,-6,335,-7
"Southwest Airlines Co.",8,7,10,-1,946,-15
"Southwest Airlines Co.",7,3,17,2,1099,1
"Southwest Airlines Co.",3,5,10,-1,281,-16
"American Airlines Inc.",10,2,10,6,325,-6
"Southwest Airlines Co.",8,1,12,2,1009,-21
"Delta Air Lines Inc.",10,6,16,-4,270,-15
"American Eagle Airlines Inc.",6,1,9,-12,177,-29
"American Airlines Inc.",10,4,16,-4,175,-8
"Southwest Airlines Co.",3,1,10,43,611,38
"Southwest Airlines Co.",4,5,10,-3,717,-14
"Atlantic Southeast Airlines",8,5,9,2,170,-5
"Delta Air Lines Inc.",4,3,13,-9,726,-11
"Skywest Airlines Inc.",1,2,15,-5,373,-11
"Atlantic Southeast Airlines",8,7,17,-9,351,-14
"American Airlines Inc.",8,6,120,16,1916,100
"Delta Air Lines Inc.",4,1,13,1,406,-9
"Delta Air Lines Inc.",5,6,14,-6,223,-4
"American Airlines Inc.",3,6,25,-2,1440,6
"Virgin America",11,4,14,11,1476,6
"Delta Air Lines Inc.",3,2,18,28,347,23
"JetBlue Airways",5,3,13,99,301,79
"Delta Air Lines Inc.",11,2,14,-8,223,-21
"Delta Air Lines Inc.",9,2,13,21,1020,11
"Delta Air Lines Inc.",5,7,16,5,387,4
"Skywest Airlines Inc.",7,3,14,53,337,42
"Delta Air Lines Inc.",3,3,13,7,554,2
"American Airlines Inc.",7,7,11,11,1999,12
"United Air Lines Inc.",10,5,18,8,967,-13
"Southwest Airlines Co.",12,1,6,39,909,23
"Delta Air Lines Inc.",8,5,17,-1,689,-22
"Southwest Airlines Co.",2,1,13,-4,1139,-16
"United Air Lines Inc.",12,2,14,18,1874,4
"American Eagle Airlines Inc.",5,3,34,-8,479,-8
"JetBlue Airways",8,4,9,-4,1011,-10
"Delta Air Lines Inc.",4,1,10,25,481,7
"Frontier Airlines Inc.",7,3,13,545,606,536
"US Airways Inc.",3,2,13,-7,590,-22
"American Airlines Inc.",7,5,14,-10,247,-12
"Atlantic Southeast Airlines",10,7,19,-2,302,9
"United Air Lines Inc.",3,1,21,-5,2475,-34
"United Air Lines Inc.",1,1,17,-4,2475,-21
"Southwest Airlines Co.",6,4,10,11,337,11
"JetBlue Airways",5,7,9,2,1249,-6
"Southwest Airlines Co.",3,5,8,-2,189,-13
"Southwest Airlines Co.",1,1,15,0,895,-8
"Southwest Airlines Co.",12,4,7,3,859,-14
"Spirit Air Lines",7,1,12,5,985,4
"Atlantic Southeast Airlines",3,3,8,-6,139,-20
"Southwest Airlines Co.",5,7,9,15,761,4
"Southwest Airlines Co.",7,2,9,24,220,16
"United Air Lines Inc.",4,5,9,1,1609,-18
"American Airlines Inc.",7,2,21,71,1107,66
"Atlantic Southeast Airlines",1,7,13,46,622,36
"United Air Lines Inc.",10,6,10,-7,649,-21
"American Airlines Inc.",7,7,25,-6,507,-8
"Atlantic Southeast Airlines",2,3,14,-9,771,13
"US Airways Inc.",4,5,19,0,1587,-2
"Skywest Airlines Inc.",10,6,16,-1,1250,-13
"American Airlines Inc.",1,3,10,-1,2342,-13
"Atlantic Southeast Airlines",1,5,8,-7,296,-27
"Southwest Airlines Co.",8,7,12,12,837,27
"Delta Air Lines Inc.",9,2,18,-5,1399,-11
"Delta Air Lines Inc.",10,7,11,0,332,-14
"Southwest Airlines Co.",7,6,13,-4,602,-7
"Southwest Airlines Co.",8,5,9,67,248,62
"Delta Air Lines Inc.",9,6,20,-5,1299,-2
"Skywest Airlines Inc.",12,1,9,22,599,-9
"American Airlines Inc.",12,4,15,0,632,-1
"American Airlines Inc.",3,2,10,-6,1345,-14
"Atlantic Southeast Airlines",1,5,21,0,332,3
"Southwest Airlines Co.",7,6,9,-4,1444,-22
"US Airways Inc.",6,5,20,-1,920,-15
"United Air Lines Inc.",4,3,22,-1,1846,-15
"JetBlue Airways",12,7,31,-7,944,24
"Atlantic Southeast Airlines",5,2,20,-3,654,-3
"Alaska Airlines Inc.",4,2,14,-5,1721,-15
"US Airways Inc.",1,6,14,36,1773,-1
"American Eagle Airlines Inc.",1,4,16,0,304,1
"United Air Lines Inc.",7,4,18,10,1744,-2
"Virgin America",8,4,12,90,447,76
"Atlantic Southeast Airlines",7,3,32,117,708,114
"Atlantic Southeast Airlines",10,7,19,-3,878,0
"Skywest Airlines Inc.",12,5,10,-8,455,-4
"Alaska Airlines Inc.",10,5,13,1,954,-15
"Delta Air Lines Inc.",8,2,14,0,591,-19
"Southwest Airlines Co.",11,1,12,6,226,5
"Southwest Airlines Co.",4,3,12,42,895,29
"Southwest Airlines Co.",2,3,52,14,1121,35
"Southwest Airlines Co.",4,4,14,-1,258,-5
"American Airlines Inc.",9,4,35,7,2486,-3
"JetBlue Airways",1,1,15,0,1118,-9
"Spirit Air Lines",8,5,14,0,177,3
"Skywest Airlines Inc.",10,3,8,-7,290,-6
"Southwest Airlines Co.",4,4,11,-4,358,-9
"US Airways Inc.",5,4,12,4,808,-6
"United Air Lines Inc.",6,5,31,35,733,28
"Skywest Airlines Inc.",11,2,20,-1,760,5
"Southwest Airlines Co.",1,3,12,-5,308,-11
"Delta Air Lines Inc.",9,2,13,-2,1050,-2
"Delta Air Lines Inc.",7,5,22,-6,235,4
"Delta Air Lines Inc.",11,3,32,0,1620,-14
"Delta Air Lines Inc.",2,5,28,12,980,12
"American Airlines Inc.",1,6,11,51,1085,34
"American Eagle Airlines Inc.",10,5,21,24,948,1
"Southwest Airlines Co.",5,5,15,-5,533,-14
"Southwest Airlines Co.",3,7,13,-1,239,-7
"American Airlines Inc.",5,4,31,14,1303,11
"United Air Lines Inc.",12,2,11,34,2449,-10
"Delta Air Lines Inc.",10,4,19,-1,991,-3
"Southwest Airlines Co.",11,2,8,3,362,2
"Delta Air Lines Inc.",8,7,19,-2,1254,-3
"Southwest Airlines Co.",6,4,9,4,419,5
"Southwest Airlines Co.",2,6,10,-1,342,0
"Atlantic Southeast Airlines",3,4,10,-8,253,-16
"Spirit Air Lines",3,4,14,47,1379,40
"Hawaiian Airlines Inc.",1,7,14,-3,100,3
"Skywest Airlines Inc.",12,1,18,49,616,38
"Southwest Airlines Co.",5,7,7,31,933,14
"Delta Air Lines Inc.",8,4,28,-3,1599,19
"Delta Air Lines Inc.",11,3,54,-9,250,21
"Delta Air Lines Inc.",5,1,24,-3,1587,-7
"Atlantic Southeast Airlines",1,7,14,16,246,0
"JetBlue Airways",2,4,16,-2,1074,0
"American Airlines Inc.",12,2,15,-2,190,-7
"American Eagle Airlines Inc.",3,5,14,0,835,-23
"Southwest Airlines Co.",12,6,8,-9,419,-16
"American Airlines Inc.",12,3,22,13,1262,-7
"Atlantic Southeast Airlines",9,5,21,17,209,23
"Southwest Airlines Co.",6,6,11,82,777,69
"Delta Air Lines Inc.",3,1,13,24,373,10
"Southwest Airlines Co.",3,7,9,-6,1142,-35
"American Eagle Airlines Inc.",12,4,21,37,354,31
"Delta Air Lines Inc.",2,4,40,70,1096,61
"United Air Lines Inc.",2,5,18,6,1605,-2
"Delta Air Lines Inc.",11,7,13,6,453,-5
"Atlantic Southeast Airlines",5,4,15,-5,310,-3
"Atlantic Southeast Airlines",8,2,21,5,383,10
"Atlantic Southeast Airlines",7,4,13,-6,563,-17
"Delta Air Lines Inc.",6,1,16,-3,834,40
"American Airlines Inc.",2,6,74,-5,1172,63
"Delta Air Lines Inc.",12,5,19,95,1199,75
"United Air Lines Inc.",10,7,14,0,447,-13
"Southwest Airlines Co.",10,6,7,14,591,-6
"Delta Air Lines Inc.",6,6,11,0,1013,0
"Southwest Airlines Co.",10,5,8,4,391,-11
"Southwest Airlines Co.",12,3,12,9,236,10
"Atlantic Southeast Airlines",4,3,22,-7,562,6
"American Airlines Inc.",10,5,16,-8,2176,-20
"Skywest Airlines Inc.",6,1,18,-4,695,2
"Southwest Airlines Co.",5,4,13,-2,1046,-15
"Delta Air Lines Inc.",10,5,12,-5,1749,-17
"Atlantic Southeast Airlines",5,6,20,0,667,-2
"Southwest Airlines Co.",1,6,9,-3,451,-8
"Atlantic Southeast Airlines",5,1,14,-1,537,-7
"Southwest Airlines Co.",1,1,18,-3,651,-28
"Atlantic Southeast Airlines",10,1,4,-2,238,-15
"American Eagle Airlines Inc.",5,1,25,4,597,13
"Atlantic Southeast Airlines",11,7,20,-4,438,-8
"Atlantic Southeast Airlines",4,5,10,-8,192,-15
"United Air Lines Inc.",4,5,17,-2,2475,8
"Southwest Airlines Co.",9,7,8,-4,448,-14
"United Air Lines Inc.",6,1,21,9,1325,-10
"Delta Air Lines Inc.",7,4,14,17,907,-1
"Southwest Airlines Co.",3,4,10,25,236,15
"Southwest Airlines Co.",3,2,14,1,842,-10
"Atlantic Southeast Airlines",8,7,12,-4,143,-10
"American Airlines Inc.",9,4,15,-4,2342,-27
"Skywest Airlines Inc.",2,7,29,0,411,1
"Southwest Airlines Co.",1,3,6,-6,888,-24
"Southwest Airlines Co.",11,7,9,-1,1436,-8
"Alaska Airlines Inc.",11,4,6,-18,123,-22
"Skywest Airlines Inc.",5,1,10,-3,1174,-14
"Skywest Airlines Inc.",7,2,35,-8,308,2
"Atlantic Southeast Airlines",10,1,11,159,475,150
"Delta Air Lines Inc.",2,2,22,-7,507,-11
"Southwest Airlines Co.",7,3,11,-6,1845,-23
"Southwest Airlines Co.",1,1,20,-1,333,5
"Southwest Airlines Co.",9,2,10,-1,849,-8
"United Air Lines Inc.",5,7,28,-2,678,9
"American Eagle Airlines Inc.",10,1,11,-4,315,-4
"Skywest Airlines Inc.",8,7,17,-5,508,-1
"Southwest Airlines Co.",9,3,13,60,337,83
"Southwest Airlines Co.",11,2,11,-1,977,4
"United Air Lines Inc.",5,6,11,2,1250,-12
"Spirit Air Lines",4,4,18,-5,888,-6
"United Air Lines Inc.",10,5,27,-9,447,-9
"American Eagle Airlines Inc.",10,7,9,20,585,-10
"Southwest Airlines Co.",11,1,8,21,479,20
"Delta Air Lines Inc.",5,1,17,24,936,20
"Delta Air Lines Inc.",5,5,22,-7,1020,-18
"Delta Air Lines Inc.",8,1,13,-6,237,-14
"American Airlines Inc.",12,1,18,-3,930,-11
"Spirit Air Lines",10,7,17,7,763,9
"American Eagle Airlines Inc.",7,1,10,7,462,-9
"Skywest Airlines Inc.",7,3,24,0,224,-6
"Atlantic Southeast Airlines",1,7,16,-6,98,-15
"Southwest Airlines Co.",7,6,15,1,920,-22
"Atlantic Southeast Airlines",5,4,13,-1,383,5
"Delta Air Lines Inc.",9,6,10,-2,591,-6
"Skywest Airlines Inc.",11,2,10,-4,1250,-14
"US Airways Inc.",4,3,32,22,430,41
"American Airlines Inc.",6,4,29,-2,2486,-15
"Spirit Air Lines",8,5,11,-3,1139,-13
"Skywest Airlines Inc.",1,2,41,-4,74,9
"Frontier Airlines Inc.",1,6,14,-12,882,-10
"Southwest Airlines Co.",9,2,7,-3,220,-20
"Atlantic Southeast Airlines",12,1,12,-8,646,-17
"United Air Lines Inc.",6,6,15,-2,867,-17
"Delta Air Lines Inc.",3,2,19,-4,590,-2
"Delta Air Lines Inc.",12,3,11,29,590,11
"US Airways Inc.",4,2,14,-2,993,1
"Skywest Airlines Inc.",7,7,13,-10,383,-14
"Southwest Airlines Co.",11,5,18,-5,351,-7
"American Airlines Inc.",7,5,16,-6,602,1
"Virgin America",11,3,17,1,2586,-24
"United Air Lines Inc.",12,3,16,6,678,-4
"Southwest Airlines Co.",9,6,8,-7,1011,-21
"Atlantic Southeast Airlines",2,7,8,-8,201,-16
"Southwest Airlines Co.",9,5,7,1,735,-10
"American Airlines Inc.",2,3,17,42,1303,36
"Spirit Air Lines",1,3,8,10,957,-12
"United Air Lines Inc.",7,5,15,-1,1325,-14
"Delta Air Lines Inc.",9,5,10,79,270,74
"American Airlines Inc.",6,5,23,10,675,11
"Southwest Airlines Co.",9,2,9,-3,547,-24
"Southwest Airlines Co.",6,7,11,6,533,8
"American Airlines Inc.",7,3,11,1,541,-28
"Hawaiian Airlines Inc.",1,7,16,-8,102,1
"United Air Lines Inc.",7,4,18,1,1222,-4
"JetBlue Airways",1,4,11,12,1035,11
"US Airways Inc.",5,3,22,-2,1773,-10
"Atlantic Southeast Airlines",9,2,12,-9,645,-9
"Alaska Airlines Inc.",3,7,20,-9,2603,-11
"American Airlines Inc.",1,1,13,19,247,26
"Southwest Airlines Co.",9,3,7,4,436,-3
"Delta Air Lines Inc.",10,7,21,-2,1747,-1
"Delta Air Lines Inc.",6,4,10,1,1076,-15
"Delta Air Lines Inc.",9,2,20,0,337,-14
"Skywest Airlines Inc.",1,1,11,-4,109,-6
"Skywest Airlines Inc.",7,6,19,-1,695,-12
"Atlantic Southeast Airlines",4,7,9,-5,139,-15
"Southwest Airlines Co.",11,5,11,12,2335,-4
"American Airlines Inc.",9,7,15,-1,1258,-18
"Delta Air Lines Inc.",1,2,44,-2,528,10
"US Airways Inc.",3,3,113,-9,226,90
"Southwest Airlines Co.",12,3,26,-5,1184,-25
"Southwest Airlines Co.",1,2,9,36,304,29
"Southwest Airlines Co.",2,7,18,69,725,57
"American Airlines Inc.",8,7,15,2,989,2
"American Airlines Inc.",5,3,14,24,431,7
"Atlantic Southeast Airlines",10,7,13,-8,145,-15
"United Air Lines Inc.",1,2,9,50,862,28
"Atlantic Southeast Airlines",1,5,19,-4,1008,-12
"Delta Air Lines Inc.",12,2,14,-6,991,-18
"Skywest Airlines Inc.",11,2,11,-4,129,-8
"Southwest Airlines Co.",11,4,9,-4,999,-13
"Delta Air Lines Inc.",10,4,18,24,746,10
"Atlantic Southeast Airlines",3,1,17,-1,872,-22
"Southwest Airlines Co.",11,3,9,-4,992,-15
"Southwest Airlines Co.",8,4,10,14,1521,-12
"Southwest Airlines Co.",4,3,9,0,651,-30
"Southwest Airlines Co.",8,2,9,34,925,43
"Skywest Airlines Inc.",1,5,11,16,1087,-13
"Atlantic Southeast Airlines",12,4,16,-2,572,-10
"Delta Air Lines Inc.",11,5,17,-1,337,-4
"JetBlue Airways",6,1,10,-9,1011,-4
"American Eagle Airlines Inc.",5,1,33,-3,270,15
"American Airlines Inc.",5,4,13,-5,1431,20
"American Airlines Inc.",11,4,19,-5,190,-6
"Skywest Airlines Inc.",7,4,10,5,318,-6
